ticket,symbol,side,opened,tactic,kept_r,peak_held_r,reach_r,reach_minutes,stopped,reach_wide_r,ride_r,ride_wide_r,bars,note,trail 1R,trail 2R,trail 3R,"wide, trail 1.5R","wide, trail 2R","wide, trail 3R",hold 2h,hold 4h,hold 8h,"wide, hold 4h"
1937975584,USDCAD,SELL,2026-09-16T19:02,FAILED_BREAKOUT_RECLAIM,-1.02,0.45,0.44,1.67,True,0.44,-1.0,-0.55,420,,-1.0,-1.0,-1.0,-0.55,-0.55,-0.55,-0.36,-0.17,-1.0,-0.17
1938666203,AUDCHF,SELL,2026-09-17T00:16,SESSION_EXPANSION,-1.0,0.17,0.09,0.55,True,0.09,-1.0,-1.5,421,,-1.0,-1.0,-1.0,-1.5,-1.5,-1.5,-1.0,-1.0,-1.0,-1.5
1938669573,USDJPY,SELL,2026-09-17T00:18,SESSION_EXPANSION,-1.04,0.91,0.22,3.53,True,0.22,-1.0,-1.5,421,,-1.0,-1.0,-1.0,-1.5,-1.5,-1.5,-1.0,-1.0,-1.0,-1.5
1938698216,US500,BUY,2026-09-17T00:32,BREAKOUT_RETEST,0.62,0.62,3.57,417.37,False,3.57,0.07,3.35,421,,0.07,3.35,3.35,3.35,3.35,3.35,0.55,0.62,3.35,0.62
1938711131,US30,BUY,2026-09-17T00:40,BREAKOUT_RETEST,0.48,0.61,2.36,409.47,False,2.36,2.17,2.17,421,,2.17,2.17,2.17,2.17,2.17,2.17,0.51,0.24,2.17,0.24
1938714804,AUS200,BUY,2026-09-17T00:41,MOMENTUM_CONTINUATION,-0.94,0.05,0.02,0.45,True,0.02,-1.0,-1.5,381,,-1.0,-1.0,-1.0,-1.5,-1.5,-1.5,-1.0,-1.0,-1.0,-1.5
1938767203,XAUEUR,BUY,2026-09-17T01:00,LIQUIDITY_SWEEP_REVERSAL,0.41,0.56,0.0,0.0,True,0.0,-1.0,-1.5,421,,-1.0,-1.0,-1.0,-1.5,-1.5,-1.5,-1.0,-1.0,-1.0,-1.5
1938781642,XAUEUR,BUY,2026-09-17T01:04,LIQUIDITY_SWEEP_REVERSAL,1.08,1.66,2.74,32.4,True,2.74,0.66,0.16,421,,0.66,0.74,-1.0,0.16,0.74,-1.5,-1.0,-1.0,-1.0,-1.5
1939167825,DE40,BUY,2026-09-17T03:55,TREND_PULLBACK,-1.08,0.0,0.0,0.0,True,0.0,-1.0,-1.5,419,,-1.0,-1.0,-1.0,-1.5,-1.5,-1.5,-1.0,-1.0,-1.0,-1.5
1939193480,GBPNZD,SELL,2026-09-17T04:11,TREND_PULLBACK,-1.02,0.16,0.14,0.87,True,8.48,-1.0,0.65,421,,-1.0,-1.0,-1.0,0.65,1.08,0.08,-1.0,-1.0,-1.0,-0.32
1939410901,DE40,SELL,2026-09-17T06:01,MOMENTUM_CONTINUATION,-1.07,1.13,0.0,0.0,True,0.0,-1.0,-1.5,421,,-1.0,-1.0,-1.0,-1.5,-1.5,-1.5,-1.0,-1.0,-1.0,-1.5
1939428213,USDJPY,SELL,2026-09-17T06:06,MOMENTUM_CONTINUATION,2.23,2.23,3.07,27.13,True,3.07,1.82,1.32,421,,1.82,1.07,0.07,1.32,1.07,0.07,-0.15,-1.0,-1.0,-1.5
1939465572,USDJPY,SELL,2026-09-17T06:22,MOMENTUM_CONTINUATION,-1.06,0.29,0.0,0.0,True,0.0,-1.0,-1.5,421,,-1.0,-1.0,-1.0,-1.5,-1.5,-1.5,-1.0,-1.0,-1.0,-1.5
1939503741,EURNZD,SELL,2026-09-17T06:38,BREAKOUT_RETEST,0.97,1.22,1.2,14.03,True,1.2,0.2,-1.5,421,,0.2,-1.0,-1.0,-1.5,-1.5,-1.5,-1.0,-1.0,-1.0,-1.5
1939548443,XAUJPY,BUY,2026-09-17T07:01,SESSION_EXPANSION,0.61,0.81,4.92,44.78,True,4.92,2.12,1.62,421,,2.12,2.92,1.92,1.62,2.92,1.92,1.17,-1.0,-1.0,-1.5
1939554572,US30,BUY,2026-09-17T07:03,SESSION_EXPANSION,1.43,1.84,2.29,26.37,True,2.29,1.11,0.61,421,,1.11,0.11,-1.0,0.61,0.11,-1.5,-1.0,-1.0,-1.0,-1.5
1939572117,UK100,BUY,2026-09-17T07:10,MOMENTUM_CONTINUATION,1.76,1.8,4.6,17.85,True,4.6,3.2,3.1,421,,3.2,2.6,1.6,3.1,2.6,1.6,-1.0,-1.0,-1.0,-1.5
1939581389,XAUUSD,BUY,2026-09-17T07:11,BREAKOUT_RETEST,1.19,1.52,2.52,36.67,True,2.52,0.52,0.02,421,,0.52,0.52,-1.0,0.02,0.52,-1.5,-1.0,-1.0,-1.0,-1.5
1939585844,UK100,BUY,2026-09-17T07:12,MOMENTUM_CONTINUATION,1.47,1.85,2.23,15.58,True,2.23,0.85,0.73,421,,0.85,0.23,-1.0,0.73,0.23,-1.5,-1.0,-1.0,-1.0,-1.5
1939598149,XAUGBP,BUY,2026-09-17T07:15,BREAKOUT_RETEST,-1.01,0.3,0.3,1.5,True,1.5,-1.0,-1.5,421,,-1.0,-1.0,-1.0,-1.5,-1.5,-1.5,-1.0,-1.0,-1.0,-1.5
1939612040,CADJPY,SELL,2026-09-17T07:19,SESSION_EXPANSION,-1.0,0.43,0.12,0.22,True,0.12,-1.0,-1.5,421,,-1.0,-1.0,-1.0,-1.5,-1.5,-1.5,-1.0,-1.0,-1.0,-1.5
1939621282,UK100,BUY,2026-09-17T07:22,MOMENTUM_CONTINUATION,0.9,1.18,1.51,5.8,True,1.51,0.51,0.01,421,,0.51,-1.0,-1.0,0.01,-1.5,-1.5,-1.0,-1.0,-1.0,-1.5
1939657991,UK100,BUY,2026-09-17T07:35,MOMENTUM_CONTINUATION,0.46,0.63,0.88,4.95,True,0.88,-1.0,-1.5,421,,-1.0,-1.0,-1.0,-1.5,-1.5,-1.5,-1.0,-1.0,-1.0,-1.5
1939663788,UK100,BUY,2026-09-17T07:37,MOMENTUM_CONTINUATION,0.55,0.55,0.6,2.4,True,0.6,-1.0,-1.5,421,,-1.0,-1.0,-1.0,-1.5,-1.5,-1.5,-1.0,-1.0,-1.0,-1.5
1939673758,UK100,BUY,2026-09-17T07:42,MOMENTUM_CONTINUATION,-1.0,1.18,0.0,0.0,True,0.0,-1.0,-1.5,421,,-1.0,-1.0,-1.0,-1.5,-1.5,-1.5,-1.0,-1.0,-1.0,-1.5
1939730815,XAUJPY,BUY,2026-09-17T08:09,BREAKOUT_RETEST,-1.04,0.01,0.0,0.0,True,0.0,-1.0,-1.5,421,,-1.0,-1.0,-1.0,-1.5,-1.5,-1.5,-1.0,-1.0,-1.0,-1.5
1939753215,XAUGBP,BUY,2026-09-17T08:17,BREAKOUT_RETEST,-1.03,0.08,0.0,0.0,True,0.0,-1.0,-1.5,421,,-1.0,-1.0,-1.0,-1.5,-1.5,-1.5,-1.0,-1.0,-1.0,-1.5
1939848370,XAUJPY,BUY,2026-09-17T09:00,BREAKOUT_RETEST,0.39,0.58,0.58,12.58,True,0.58,-1.0,-1.5,421,,-1.0,-1.0,-1.0,-1.5,-1.5,-1.5,-1.0,-1.0,-1.0,-1.5
1939868227,XAUCHF,BUY,2026-09-17T09:10,BREAKOUT_RETEST,-1.01,0.04,0.04,2.2,True,0.04,-1.0,-1.5,421,,-1.0,-1.0,-1.0,-1.5,-1.5,-1.5,-1.0,-1.0,-1.0,-1.5
1940074929,XAUCHF,BUY,2026-09-17T10:50,BREAKOUT_RETEST,0.58,0.74,11.02,98.1,False,11.02,3.26,2.76,421,,3.26,2.26,8.02,2.76,2.26,8.02,9.33,6.78,8.28,6.78
1940110133,XAUUSD,BUY,2026-09-17T11:00,BREAKOUT_RETEST,0.55,0.74,8.59,89.07,False,8.59,1.08,0.58,421,,1.08,0.08,5.59,0.58,0.08,5.59,7.37,4.25,5.35,4.25
1940130162,GBPUSD,SELL,2026-09-17T11:05,MOMENTUM_CONTINUATION,0.58,1.27,2.94,14.7,True,2.94,0.11,1.44,421,,0.11,0.94,-1.0,1.44,0.94,-1.5,-1.0,-1.0,-1.0,-1.5
1940135067,GBPAUD,SELL,2026-09-17T11:06,MOMENTUM_CONTINUATION,0.75,1.04,0.0,0.0,True,1.9,-1.0,0.4,421,,-1.0,-1.0,-1.0,0.4,-1.5,-1.5,-1.0,-1.0,-1.0,-1.5
1940141368,GBPUSD,SELL,2026-09-17T11:08,MOMENTUM_CONTINUATION,1.15,1.47,3.19,11.47,True,3.19,0.5,1.69,421,,0.5,1.19,0.19,1.69,1.19,0.19,-1.0,-1.0,-1.0,-1.5
1940155407,XAUUSD,BUY,2026-09-17T11:10,MOMENTUM_CONTINUATION,-1.01,0.04,0.0,0.0,True,0.0,-1.0,-1.5,421,,-1.0,-1.0,-1.0,-1.5,-1.5,-1.5,-1.0,-1.0,-1.0,-1.5
1940162777,XAUEUR,BUY,2026-09-17T11:12,MOMENTUM_CONTINUATION,-1.03,1.69,0.61,3.92,True,0.61,-1.0,-1.5,421,,-1.0,-1.0,-1.0,-1.5,-1.5,-1.5,-1.0,-1.0,-1.0,-1.5
1940166916,XAUJPY,BUY,2026-09-17T11:14,MOMENTUM_CONTINUATION,1.23,1.62,11.01,175.82,False,11.01,5.09,4.98,421,,5.09,4.48,6.56,4.98,4.48,6.56,7.89,7.41,9.8,7.41
1940176211,GBPNZD,SELL,2026-09-17T11:17,MOMENTUM_CONTINUATION,-1.04,0.38,0.37,2.0,True,0.37,-1.0,-1.5,421,,-1.0,-1.0,-1.0,-1.5,-1.5,-1.5,-1.0,-1.0,-1.0,-1.5
1940183926,GBPCAD,SELL,2026-09-17T11:19,MOMENTUM_CONTINUATION,-1.01,0.24,0.23,0.57,True,0.23,-1.0,-1.5,421,,-1.0,-1.0,-1.0,-1.5,-1.5,-1.5,-1.0,-1.0,-1.0,-1.5
1940190866,UK100,BUY,2026-09-17T11:21,TREND_PULLBACK,-1.0,0.01,0.0,0.0,True,0.0,-1.0,-1.5,420,,-1.0,-1.0,-1.0,-1.5,-1.5,-1.5,-1.0,-1.0,-1.0,-1.5
1940200599,EURGBP,BUY,2026-09-17T11:26,MOMENTUM_CONTINUATION,-1.0,0.14,0.0,0.0,True,0.0,-1.0,-1.5,421,,-1.0,-1.0,-1.0,-1.5,-1.5,-1.5,-1.0,-1.0,-1.0,-1.5
1940202526,GBPUSD,SELL,2026-09-17T11:27,MOMENTUM_CONTINUATION,-1.06,0.48,0.16,5.63,True,0.16,-1.0,-1.5,421,,-1.0,-1.0,-1.0,-1.5,-1.5,-1.5,-1.0,-1.0,-1.0,-1.5
1940205250,GBPJPY,SELL,2026-09-17T11:28,BREAKOUT_RETEST,-1.03,0.51,0.19,4.23,True,0.19,-1.0,-1.5,421,,-1.0,-1.0,-1.0,-1.5,-1.5,-1.5,-1.0,-1.0,-1.0,-1.5
1940212755,GBPAUD,SELL,2026-09-17T11:32,MOMENTUM_CONTINUATION,-0.95,0.2,0.12,0.25,True,0.12,-1.0,-1.5,421,,-1.0,-1.0,-1.0,-1.5,-1.5,-1.5,-1.0,-1.0,-1.0,-1.5
1940254182,XAUCHF,BUY,2026-09-17T11:51,MOMENTUM_CONTINUATION,2.18,2.18,6.79,37.28,False,6.79,2.04,1.82,421,,2.04,1.32,3.79,1.82,1.32,3.79,4.42,5.19,2.07,5.19
1940257921,XAUAUD,BUY,2026-09-17T11:53,MOMENTUM_CONTINUATION,0.63,1.05,7.64,135.88,False,7.64,1.84,1.56,421,,1.84,1.06,4.29,1.56,1.06,4.29,5.57,5.64,2.25,5.64
1940261739,XAUJPY,BUY,2026-09-17T11:54,LIQUIDITY_SWEEP_REVERSAL,1.92,2.12,6.06,135.75,False,6.06,1.56,1.06,421,,1.56,0.56,3.06,1.06,0.56,3.06,3.86,4.58,2.74,4.58
1940276278,XAUUSD,BUY,2026-09-17T11:57,MOMENTUM_CONTINUATION,1.16,1.66,6.94,32.25,False,6.94,0.57,0.16,421,,0.57,4.94,3.94,0.16,4.94,3.94,4.03,4.14,1.22,4.14
1940305571,XAUJPY,BUY,2026-09-17T12:00,MOMENTUM_CONTINUATION,-1.03,0.0,0.0,0.0,True,0.0,-1.0,-1.5,421,,-1.0,-1.0,-1.0,-1.5,-1.5,-1.5,-1.0,-1.0,-1.0,-1.5
1940318528,XAUCHF,BUY,2026-09-17T12:03,MOMENTUM_CONTINUATION,1.61,1.65,4.63,25.62,False,4.63,2.9,3.13,421,,2.9,2.63,1.63,3.13,2.63,1.63,2.21,3.85,1.02,3.85
1940327061,XAUUSD,BUY,2026-09-17T12:04,MOMENTUM_CONTINUATION,0.82,0.84,4.06,25.17,False,4.06,3.06,2.56,421,,3.06,2.06,1.06,2.56,2.06,1.06,2.64,2.7,0.91,2.7
1940340306,EURGBP,BUY,2026-09-17T12:08,BREAKOUT_RETEST,-1.0,0.12,0.12,1.27,True,4.83,-1.0,3.33,421,,-1.0,-1.0,-1.0,3.33,2.83,1.83,-1.0,-1.0,-1.0,3.92
1940391851,US30,BUY,2026-09-17T12:19,MOMENTUM_CONTINUATION,0.53,0.74,3.89,15.08,True,3.89,2.89,2.39,421,,2.89,1.89,0.89,2.39,1.89,0.89,-1.0,-1.0,-1.0,-1.5
1940403164,XAUEUR,BUY,2026-09-17T12:21,MOMENTUM_CONTINUATION,1.28,1.7,0.0,0.0,True,1.7,-1.0,0.2,421,,-1.0,-1.0,-1.0,0.2,-1.5,-1.5,-1.0,-1.0,-1.0,-1.5
1940415181,USDCHF,SELL,2026-09-17T12:23,BREAKOUT_RETEST,0.77,1.0,1.57,5.83,True,1.57,0.57,0.07,421,,0.57,-1.0,-1.0,0.07,-1.5,-1.5,-1.0,-1.0,-1.0,-1.5
1940443283,USDCHF,SELL,2026-09-17T12:29,MOMENTUM_CONTINUATION,-1.1,0.07,0.0,0.0,True,0.0,-1.0,-1.5,421,,-1.0,-1.0,-1.0,-1.5,-1.5,-1.5,-1.0,-1.0,-1.0,-1.5
1940466867,GBPAUD,SELL,2026-09-17T12:33,BREAKOUT_ACCEPTANCE,0.79,1.01,4.86,191.93,False,4.86,0.85,0.35,421,,0.85,2.81,1.96,0.35,2.81,1.96,3.69,3.79,1.96,3.79
1940471378,US30,BUY,2026-09-17T12:34,MOMENTUM_CONTINUATION,-0.99,0.49,0.49,0.82,True,0.49,-1.0,-1.5,421,,-1.0,-1.0,-1.0,-1.5,-1.5,-1.5,-1.0,-1.0,-1.0,-1.5
1940582530,USDCHF,SELL,2026-09-17T13:06,SESSION_EXPANSION,-1.0,0.41,0.31,14.77,True,2.5,-1.0,1.0,421,,-1.0,-1.0,-1.0,1.0,0.5,-1.5,-1.0,-1.0,-1.0,-1.5
1940609897,GBPCHF,SELL,2026-09-17T13:15,TREND_PULLBACK,0.4,0.51,5.49,90.92,False,5.49,2.34,3.99,421,,2.34,3.49,2.49,3.99,3.49,2.49,3.09,0.68,1.04,0.68
1940627233,GBPCHF,SELL,2026-09-17T13:20,MOMENTUM_CONTINUATION,-1.0,0.22,0.2,0.88,True,4.44,-1.0,2.94,421,,-1.0,-1.0,-1.0,2.94,2.44,1.44,-1.0,-1.0,-1.0,0.1
1940675919,US500,BUY,2026-09-17T13:34,BREAKOUT_ACCEPTANCE,-1.06,4.12,0.0,0.0,True,0.0,-1.0,-1.5,421,,-1.0,-1.0,-1.0,-1.5,-1.5,-1.5,-1.0,-1.0,-1.0,-1.5
1940713447,US30,SELL,2026-09-17T13:42,BREAKOUT_RETEST,-1.05,0.35,0.35,2.77,True,0.35,-1.0,-1.5,421,,-1.0,-1.0,-1.0,-1.5,-1.5,-1.5,-1.0,-1.0,-1.0,-1.5
1940792544,GBPCHF,SELL,2026-09-17T14:01,MOMENTUM_CONTINUATION,0.44,0.62,3.45,44.5,True,3.45,0.38,1.95,420,,0.38,1.45,0.45,1.95,1.45,0.45,1.42,-1.0,-1.0,-0.67
1940893637,GBPUSD,SELL,2026-09-17T14:28,BREAKOUT_RETEST,0.38,0.59,4.04,78.58,False,4.04,0.86,2.54,420,,0.86,2.04,1.04,2.54,2.04,1.04,2.64,1.81,1.05,1.81
1940896699,GBPAUD,SELL,2026-09-17T14:29,MOMENTUM_CONTINUATION,0.96,1.24,2.27,14.18,True,2.34,1.27,0.77,420,,1.27,0.27,-1.0,0.77,0.27,-1.5,-1.0,-1.0,-1.0,-0.97
1940960057,GBPCAD,SELL,2026-09-17T14:48,MOMENTUM_CONTINUATION,-1.01,1.21,0.4,8.07,True,1.29,-1.0,-1.5,420,,-1.0,-1.0,-1.0,-1.5,-1.5,-1.5,-1.0,-1.0,-1.0,-0.81
1940968556,GBPCHF,SELL,2026-09-17T14:51,MOMENTUM_CONTINUATION,0.38,0.58,0.56,3.25,True,0.56,-1.0,-1.5,420,,-1.0,-1.0,-1.0,-1.5,-1.5,-1.5,-1.0,-1.0,-1.0,-1.5
1940994440,GBPCHF,SELL,2026-09-17T14:59,MOMENTUM_CONTINUATION,-0.98,0.11,0.0,0.0,True,0.0,-1.0,-1.5,420,,-1.0,-1.0,-1.0,-1.5,-1.5,-1.5,-1.0,-1.0,-1.0,-1.5
1941029298,GBPJPY,SELL,2026-09-17T15:10,TREND_PULLBACK,0.44,0.58,0.55,36.83,True,0.55,-1.0,-1.5,420,,-1.0,-1.0,-1.0,-1.5,-1.5,-1.5,-1.0,-1.0,-1.0,-1.5
1941062445,GBPUSD,SELL,2026-09-17T15:21,TREND_PULLBACK,0.46,0.59,3.8,25.42,False,3.8,2.8,2.3,420,,2.8,1.8,0.8,2.3,1.8,0.8,0.91,0.32,-0.18,0.32
1941088339,GBPUSD,SELL,2026-09-17T15:31,BREAKOUT_RETEST,0.41,0.5,1.59,15.27,True,1.59,0.59,0.09,420,,0.59,-1.0,-1.0,0.09,-1.5,-1.5,-0.71,-1.0,-1.0,-1.5
1941143518,GBPUSD,SELL,2026-09-17T15:54,BREAKOUT_RETEST,0.77,1.05,1.11,15.02,True,1.11,0.11,-1.5,420,,0.11,-1.0,-1.0,-1.5,-1.5,-1.5,-0.07,-1.0,-1.0,-1.5
1941292909,EURJPY,BUY,2026-09-17T16:58,BREAKOUT_RETEST,0.44,0.55,0.56,18.35,True,0.56,-1.0,-1.5,419,,-1.0,-1.0,-1.0,-1.5,-1.5,-1.5,-1.0,-1.0,-1.0,-1.5
1941584991,XAUEUR,BUY,2026-09-17T19:35,BREAKOUT_ACCEPTANCE,0.34,0.52,3.96,331.4,False,3.96,0.02,2.46,360,,0.02,1.96,0.96,2.46,1.96,0.96,-0.4,0.05,1.89,0.05
1941652052,XAUCHF,SELL,2026-09-17T20:31,BREAKOUT_RETEST,-1.02,1.07,1.01,88.97,True,1.01,0.01,-1.5,360,,0.01,-1.0,-1.0,-1.5,-1.5,-1.5,-1.0,-1.0,-1.0,-1.5
1941853964,XAUJPY,BUY,2026-09-18T00:12,LIQUIDITY_SWEEP_REVERSAL,1.29,1.29,3.19,54.02,True,17.56,0.06,0.6,421,,0.06,1.19,0.19,0.6,1.19,0.19,-1.0,-1.0,-1.0,6.93
1941876214,GBPNZD,BUY,2026-09-18T00:24,SESSION_EXPANSION,1.98,1.98,3.75,170.58,True,3.75,1.58,2.25,421,,1.58,1.75,0.75,2.25,1.75,0.75,2.91,-1.0,-1.0,-1.5
1941956343,XAUJPY,BUY,2026-09-18T01:07,MOMENTUM_CONTINUATION,-1.0,0.07,0.0,0.0,True,0.0,-1.0,-1.5,421,,-1.0,-1.0,-1.0,-1.5,-1.5,-1.5,-1.0,-1.0,-1.0,-1.5
1941998706,GBPJPY,BUY,2026-09-18T01:27,BREAKOUT_RETEST,-1.0,0.81,0.81,49.13,True,0.81,-1.0,-1.5,421,,-1.0,-1.0,-1.0,-1.5,-1.5,-1.5,-1.0,-1.0,-1.0,-1.5
1942149876,USDJPY,BUY,2026-09-18T02:54,LIQUIDITY_SWEEP_REVERSAL,2.49,2.49,0.0,0.0,True,0.0,-1.0,-1.5,421,,-1.0,-1.0,-1.0,-1.5,-1.5,-1.5,-1.0,-1.0,-1.0,-1.5
1942176722,AUDJPY,BUY,2026-09-18T03:01,MOMENTUM_CONTINUATION,2.24,2.24,15.77,403.68,False,15.77,3.97,6.82,421,,3.97,6.32,5.45,6.82,6.32,5.45,7.24,4.82,14.58,4.82
1942192078,GBPJPY,BUY,2026-09-18T03:07,MOMENTUM_CONTINUATION,2.17,2.17,5.98,214.68,True,5.98,0.69,2.68,421,,0.69,2.18,2.98,2.68,2.18,2.98,4.53,-1.0,-1.0,-1.5
1942194759,CADJPY,BUY,2026-09-18T03:08,MOMENTUM_CONTINUATION,2.33,2.33,4.57,135.23,True,4.57,0.06,0.37,421,,0.06,1.28,1.57,0.37,1.28,1.57,3.55,-1.0,-1.0,-1.5
1942198268,XAUAUD,SELL,2026-09-18T03:09,BREAKOUT_RETEST,1.97,1.99,2.1,16.07,True,2.1,1.1,0.6,421,,1.1,0.1,-1.0,0.6,0.1,-1.5,-1.0,-1.0,-1.0,-1.5
1942200095,USDJPY,BUY,2026-09-18T03:11,MOMENTUM_CONTINUATION,-0.02,1.54,4.19,132.9,True,4.19,0.54,0.04,421,,0.54,0.43,1.19,0.04,0.43,1.19,2.89,-1.0,-1.0,-1.5
1942201922,AUDJPY,BUY,2026-09-18T03:12,MOMENTUM_CONTINUATION,2.2,2.2,3.58,209.88,True,3.58,2.46,1.96,421,,2.46,1.46,0.58,1.96,1.46,0.58,3.33,-1.0,-1.0,-1.5
1942254598,XAUGBP,SELL,2026-09-18T03:30,SESSION_EXPANSION,-1.08,0.0,0.0,0.0,True,0.0,-1.0,-1.5,421,,-1.0,-1.0,-1.0,-1.5,-1.5,-1.5,-1.0,-1.0,-1.0,-1.5
1942289432,AUDJPY,BUY,2026-09-18T03:43,MOMENTUM_CONTINUATION,-1.0,0.24,0.24,4.28,True,0.24,-1.0,-1.5,421,,-1.0,-1.0,-1.0,-1.5,-1.5,-1.5,-1.0,-1.0,-1.0,-1.5
1942308843,GBPNZD,BUY,2026-09-18T03:55,BREAKOUT_RETEST,-1.01,0.07,0.07,1.42,True,0.07,-1.0,-1.5,421,,-1.0,-1.0,-1.0,-1.5,-1.5,-1.5,-1.0,-1.0,-1.0,-1.5
1942332685,CADJPY,BUY,2026-09-18T04:11,MOMENTUM_CONTINUATION,-1.04,0.49,0.49,2.07,True,2.38,-1.0,0.88,421,,-1.0,-1.0,-1.0,0.88,0.38,-1.5,-1.0,-1.0,-1.0,-1.5
1942346505,NZDJPY,BUY,2026-09-18T04:18,MOMENTUM_CONTINUATION,-1.0,0.58,0.58,70.87,True,0.58,-1.0,-1.5,421,,-1.0,-1.0,-1.0,-1.5,-1.5,-1.5,-1.0,-1.0,-1.0,-1.5
1942399951,CADJPY,BUY,2026-09-18T04:51,TREND_PULLBACK,0.17,1.11,1.11,32.95,True,1.11,0.11,-1.5,421,,0.11,-1.0,-1.0,-1.5,-1.5,-1.5,-1.0,-1.0,-1.0,-1.5
1942401945,GBPJPY,BUY,2026-09-18T04:52,TREND_PULLBACK,-1.01,0.06,0.0,0.0,True,1.16,-1.0,-1.5,421,,-1.0,-1.0,-1.0,-1.5,-1.5,-1.5,-1.0,-1.0,-1.0,-1.5
1942523931,XAUCHF,BUY,2026-09-18T05:44,BREAKOUT_RETEST,2.03,2.03,4.4,126.3,True,4.4,1.47,2.9,421,,1.47,2.4,1.4,2.9,2.4,1.4,3.42,0.72,-1.0,0.72
1942576442,XAUJPY,BUY,2026-09-18T06:01,LIQUIDITY_SWEEP_REVERSAL,0.23,2.27,2.27,40.78,True,4.76,1.19,0.77,421,,1.19,0.27,-1.0,0.77,0.27,1.76,-1.0,-1.0,-1.0,2.02
1942624687,XAUCHF,BUY,2026-09-18T06:19,MOMENTUM_CONTINUATION,2.55,2.55,2.78,91.25,True,2.78,0.98,1.28,421,,0.98,0.78,-1.0,1.28,0.78,-1.5,0.91,-1.0,-1.0,-1.5
1942661287,DE40,BUY,2026-09-18T06:36,BREAKOUT_RETEST,-1.08,0.12,0.0,0.0,True,0.0,-1.0,-1.5,421,,-1.0,-1.0,-1.0,-1.5,-1.5,-1.5,-1.0,-1.0,-1.0,-1.5
1942676403,AUDJPY,SELL,2026-09-18T06:43,LIQUIDITY_SWEEP_REVERSAL,2.29,2.29,0.0,0.0,True,0.0,-1.0,-1.5,421,,-1.0,-1.0,-1.0,-1.5,-1.5,-1.5,-1.0,-1.0,-1.0,-1.5
1942679005,CADJPY,SELL,2026-09-18T06:44,LIQUIDITY_SWEEP_REVERSAL,-1.07,0.8,0.0,0.0,True,0.0,-1.0,-1.5,421,,-1.0,-1.0,-1.0,-1.5,-1.5,-1.5,-1.0,-1.0,-1.0,-1.5
1942686869,USDJPY,SELL,2026-09-18T06:47,LIQUIDITY_SWEEP_REVERSAL,-1.01,0.28,0.29,0.72,True,0.29,-1.0,-1.5,421,,-1.0,-1.0,-1.0,-1.5,-1.5,-1.5,-1.0,-1.0,-1.0,-1.5
1942708987,XAUGBP,BUY,2026-09-18T06:57,TREND_PULLBACK,-0.05,1.31,1.31,53.8,True,1.31,0.24,-1.5,421,,0.24,-1.0,-1.0,-1.5,-1.5,-1.5,-1.0,-1.0,-1.0,-1.5
1942711480,XAUEUR,BUY,2026-09-18T06:58,TREND_PULLBACK,-1.02,0.86,0.86,52.72,True,0.91,-1.0,-1.5,421,,-1.0,-1.0,-1.0,-1.5,-1.5,-1.5,-1.0,-1.0,-1.0,-1.5
1942730711,AUDJPY,SELL,2026-09-18T07:05,SESSION_EXPANSION,-0.58,1.03,1.07,1.97,True,1.07,0.07,-1.5,421,,0.07,-1.0,-1.0,-1.5,-1.5,-1.5,-1.0,-1.0,-1.0,-1.5
1942751431,XAUUSD,SELL,2026-09-18T07:14,BREAKOUT_RETEST,-1.0,0.03,0.0,0.0,True,0.0,-1.0,-1.5,421,,-1.0,-1.0,-1.0,-1.5,-1.5,-1.5,-1.0,-1.0,-1.0,-1.5
1942762848,XAUJPY,BUY,2026-09-18T07:18,SESSION_EXPANSION,2.61,2.61,4.2,109.22,True,4.2,1.96,2.7,421,,1.96,2.2,1.2,2.7,2.2,1.2,2.78,1.69,-1.0,1.69
1942803516,EURJPY,BUY,2026-09-18T07:37,BREAKOUT_RETEST,2.38,2.38,4.52,127.17,False,4.52,0.39,3.02,421,,0.39,2.52,1.52,3.02,2.52,1.52,3.76,0.94,1.03,0.94
1942818173,EURNZD,BUY,2026-09-18T07:44,BREAKOUT_RETEST,-0.98,0.37,0.37,1.12,True,0.37,-1.0,-1.5,421,,-1.0,-1.0,-1.0,-1.5,-1.5,-1.5,-1.0,-1.0,-1.0,-1.5
1942877313,NZDJPY,BUY,2026-09-18T08:09,BREAKOUT_RETEST,0.41,1.28,1.85,95.9,True,1.85,0.28,0.35,421,,0.28,-1.0,-1.0,0.35,-1.5,-1.5,0.77,-1.0,-1.0,-0.24
1942915834,UK100,SELL,2026-09-18T08:23,BREAKOUT_RETEST,-1.02,0.6,0.52,6.62,True,0.52,-1.0,-1.5,421,,-1.0,-1.0,-1.0,-1.5,-1.5,-1.5,-1.0,-1.0,-1.0,-1.5
1943054929,XAUEUR,BUY,2026-09-18T09:27,LIQUIDITY_SWEEP_REVERSAL,-1.02,0.67,0.67,4.7,True,0.67,-1.0,-1.5,421,,-1.0,-1.0,-1.0,-1.5,-1.5,-1.5,-1.0,-1.0,-1.0,-1.5
1943151662,XAUCHF,BUY,2026-09-18T10:08,BREAKOUT_RETEST,0.85,1.11,2.19,62.82,True,2.19,0.31,0.69,421,,0.31,0.19,-1.0,0.69,0.19,-1.5,-0.12,-1.0,-1.0,-1.5
1943166475,XAUJPY,BUY,2026-09-18T10:19,BREAKOUT_RETEST,-1.01,0.71,0.71,25.15,True,0.88,-1.0,-1.5,421,,-1.0,-1.0,-1.0,-1.5,-1.5,-1.5,-1.0,-1.0,-1.0,-1.5
1943391187,US30,SELL,2026-09-18T11:56,BREAKOUT_RETEST,-0.36,1.29,6.32,88.87,True,10.67,0.18,4.1,421,,0.18,3.6,3.32,4.1,3.6,3.32,-1.0,-1.0,-1.0,8.44
1943433889,UK100,SELL,2026-09-18T12:05,BREAKOUT_RETEST,0.13,1.63,5.98,259.05,False,5.98,0.56,0.06,421,,0.56,1.13,5.06,0.06,1.13,5.06,2.5,5.02,5.06,5.02
1943507843,DE40,SELL,2026-09-18T12:25,MOMENTUM_CONTINUATION,-1.03,0.0,0.0,0.0,True,0.0,-1.0,-1.5,421,,-1.0,-1.0,-1.0,-1.5,-1.5,-1.5,-1.0,-1.0,-1.0,-1.5
1944372401,GBPCAD,BUY,2026-09-18T16:34,BREAKOUT_RETEST,0.08,1.18,1.18,48.92,True,1.18,0.18,-1.5,263,,0.18,-1.0,-1.0,-1.5,-1.5,-1.5,0.23,0.15,-1.0,0.15
1944415850,GBPUSD,BUY,2026-09-18T16:53,MOMENTUM_CONTINUATION,0.7,1.72,2.51,213.82,False,2.51,0.72,1.49,244,,0.72,1.49,1.49,1.49,1.49,1.49,1.42,1.55,1.49,1.55
1944438432,XAUUSD,BUY,2026-09-18T17:01,MOMENTUM_CONTINUATION,1.27,1.27,2.27,48.58,True,2.27,1.27,0.77,236,,1.27,0.27,-1.0,0.77,0.27,-1.5,-0.7,-1.0,-1.0,-1.5
1944643239,US30,BUY,2026-09-18T18:45,TREND_PULLBACK,0.68,2.04,2.34,86.92,False,2.34,1.04,0.54,135,,1.04,0.04,1.73,0.54,0.04,1.73,2.1,1.73,1.73,1.73
1944749341,US30,BUY,2026-09-18T19:59,LIQUIDITY_SWEEP_REVERSAL,0.76,0.76,2.31,12.95,False,2.31,1.64,1.64,61,,1.64,1.64,1.64,1.64,1.64,1.64,1.64,1.64,1.64,1.64
1944801238,US30,SELL,2026-09-18T20:48,BREAKOUT_RETEST,-1.0,0.12,0.17,10.63,False,0.17,0.12,0.12,12,,0.12,0.12,0.12,0.12,0.12,0.12,0.12,0.12,0.12,0.12
1945814547,XAUGBP,SELL,2026-09-21T00:00,BREAKOUT_RETEST,-1.02,0.48,0.0,0.0,True,3.1,-1.0,1.6,421,,-1.0,-1.0,-1.0,1.6,1.1,0.1,-1.0,-1.0,-1.0,-1.5
1945840895,XAUEUR,SELL,2026-09-21T00:09,SESSION_EXPANSION,1.9,1.9,2.25,12.3,True,2.25,1.25,0.75,421,,1.25,0.25,-1.0,0.75,0.25,-1.5,-1.0,-1.0,-1.0,-1.5
1945944320,XAUCHF,SELL,2026-09-21T00:44,BREAKOUT_RETEST,0.41,1.17,1.16,6.13,True,1.16,0.16,-1.5,421,,0.16,-1.0,-1.0,-1.5,-1.5,-1.5,-1.0,-1.0,-1.0,-1.5
1946578771,XAUEUR,SELL,2026-09-21T05:07,BREAKOUT_RETEST,-1.0,0.53,0.5,3.3,True,0.5,-1.0,-1.5,421,,-1.0,-1.0,-1.0,-1.5,-1.5,-1.5,-1.0,-1.0,-1.0,-1.5
1946582701,XAUCHF,SELL,2026-09-21T05:10,BREAKOUT_RETEST,-1.06,0.21,0.37,0.32,True,0.37,-1.0,-1.5,421,,-1.0,-1.0,-1.0,-1.5,-1.5,-1.5,-1.0,-1.0,-1.0,-1.5
1946601843,XAUAUD,SELL,2026-09-21T05:21,BREAKOUT_ACCEPTANCE,-1.13,0.0,0.0,0.0,True,4.39,-1.0,0.94,421,,-1.0,-1.0,-1.0,0.94,0.75,1.39,-1.0,-1.0,-1.0,1.64
1946702257,XAUEUR,SELL,2026-09-21T05:55,BREAKOUT_RETEST,0.44,1.29,2.75,219.93,True,2.75,0.28,0.75,421,,0.28,0.25,-1.0,0.75,0.25,-1.5,1.2,1.71,-1.0,1.71
1946788634,XAUGBP,SELL,2026-09-21T06:25,BREAKOUT_RETEST,-1.02,0.16,0.19,3.9,True,0.19,-1.0,-1.5,421,,-1.0,-1.0,-1.0,-1.5,-1.5,-1.5,-1.0,-1.0,-1.0,-1.5
1946795380,XAUCHF,SELL,2026-09-21T06:27,BREAKOUT_RETEST,-1.04,0.39,0.39,1.37,True,0.39,-1.0,-1.5,421,,-1.0,-1.0,-1.0,-1.5,-1.5,-1.5,-1.0,-1.0,-1.0,-1.5
1946803797,XAUJPY,SELL,2026-09-21T06:31,BREAKOUT_RETEST,-1.0,0.22,0.22,1.8,True,0.22,-1.0,-1.5,421,,-1.0,-1.0,-1.0,-1.5,-1.5,-1.5,-1.0,-1.0,-1.0,-1.5
1946815225,DE40,BUY,2026-09-21T06:36,BREAKOUT_RETEST,-0.95,0.29,0.29,3.32,True,4.51,-1.0,1.62,421,,-1.0,-1.0,-1.0,1.62,1.12,0.93,-1.0,-1.0,-1.0,-1.5
1946858933,XAUAUD,SELL,2026-09-21T06:54,BREAKOUT_RETEST,0.37,1.12,1.07,6.75,True,2.74,0.07,0.41,421,,0.07,-1.0,-1.0,0.41,0.74,-1.5,-1.0,-1.0,-1.0,1.11
1946878712,XAUEUR,SELL,2026-09-21T07:00,BREAKOUT_RETEST,-1.12,0.54,0.0,0.0,True,0.57,-1.0,-1.5,421,,-1.0,-1.0,-1.0,-1.5,-1.5,-1.5,-1.0,-1.0,-1.0,-1.5
1946973895,DE40,BUY,2026-09-21T07:28,BREAKOUT_RETEST,-1.02,0.27,0.27,1.53,True,0.27,-1.0,-1.5,421,,-1.0,-1.0,-1.0,-1.5,-1.5,-1.5,-1.0,-1.0,-1.0,-1.5
1948197281,US30,SELL,2026-09-21T13:43,MOMENTUM_CONTINUATION,-0.97,0.8,0.78,2.45,True,0.78,-1.0,-1.5,421,,-1.0,-1.0,-1.0,-1.5,-1.5,-1.5,-1.0,-1.0,-1.0,-1.5
1948304371,UK100,SELL,2026-09-21T14:03,MOMENTUM_CONTINUATION,-1.04,0.2,0.1,4.0,True,0.1,-1.0,-1.5,416,,-1.0,-1.0,-1.0,-1.5,-1.5,-1.5,-1.0,-1.0,-1.0,-1.5
1948431738,US500,BUY,2026-09-21T14:24,LIQUIDITY_SWEEP_REVERSAL,1.77,1.77,10.46,314.98,False,10.46,3.01,2.51,396,,3.01,8.46,7.46,2.51,8.46,7.46,4.52,8.66,7.19,8.66
1948606309,CHFJPY,BUY,2026-09-21T15:07,MOMENTUM_CONTINUATION,-1.1,0.52,0.53,0.68,True,0.53,-1.0,-1.5,419,,-1.0,-1.0,-1.0,-1.5,-1.5,-1.5,-1.0,-1.0,-1.0,-1.5
1948679793,GBPCHF,SELL,2026-09-21T15:30,MOMENTUM_CONTINUATION,-0.13,1.08,2.72,329.3,True,2.72,0.06,1.22,419,,0.06,0.72,-1.0,1.22,0.72,-1.5,0.3,0.83,-1.0,0.83
1948700480,US30,BUY,2026-09-21T15:37,BREAKOUT_RETEST,0.77,0.77,4.99,192.55,False,4.99,0.5,0.0,361,,0.5,1.56,3.66,0.0,1.56,3.66,1.55,4.33,3.66,4.33
1948704179,US500,BUY,2026-09-21T15:38,BREAKOUT_RETEST,2.45,2.5,10.75,240.52,False,10.75,1.4,0.9,361,,1.4,0.4,7.75,0.9,0.4,7.75,4.81,10.63,7.91,10.63
1948735957,US30,SELL,2026-09-21T15:49,SESSION_EXPANSION,0.88,0.89,0.96,10.93,True,0.96,-1.0,-1.5,361,,-1.0,-1.0,-1.0,-1.5,-1.5,-1.5,-1.0,-1.0,-1.0,-1.5
1948808072,US500,BUY,2026-09-21T16:09,MOMENTUM_CONTINUATION,2.34,2.34,6.74,209.17,False,6.74,1.17,0.67,361,,1.17,4.74,3.74,0.67,4.74,3.74,3.3,3.49,4.55,3.49
1949288953,US500,BUY,2026-09-21T19:42,SQUEEZE_RELEASE,-1.07,0.49,0.49,2.18,True,0.49,-1.0,-1.5,361,,-1.0,-1.0,-1.0,-1.5,-1.5,-1.5,-1.0,-1.0,-1.0,-1.5
1949768948,XAUJPY,BUY,2026-09-22T00:06,SESSION_EXPANSION,-1.03,0.5,0.5,3.6,True,0.5,-1.0,-1.5,421,,-1.0,-1.0,-1.0,-1.5,-1.5,-1.5,-1.0,-1.0,-1.0,-1.5
1949772376,XAUAUD,BUY,2026-09-22T00:07,SESSION_EXPANSION,-1.05,0.44,0.44,2.17,True,0.44,-1.0,-1.5,421,,-1.0,-1.0,-1.0,-1.5,-1.5,-1.5,-1.0,-1.0,-1.0,-1.5
1950036998,EURNZD,BUY,2026-09-22T01:18,MOMENTUM_CONTINUATION,-1.06,0.89,0.89,3.28,True,0.89,-1.0,-1.5,421,,-1.0,-1.0,-1.0,-1.5,-1.5,-1.5,-1.0,-1.0,-1.0,-1.5
1950177724,GBPAUD,BUY,2026-09-22T01:56,MOMENTUM_CONTINUATION,-1.05,0.04,0.04,2.05,True,0.04,-1.0,-1.5,421,,-1.0,-1.0,-1.0,-1.5,-1.5,-1.5,-1.0,-1.0,-1.0,-1.5
1950196226,EURAUD,BUY,2026-09-22T02:01,MOMENTUM_CONTINUATION,-1.01,0.14,0.03,-0.75,True,0.03,-1.0,-1.5,421,,-1.0,-1.0,-1.0,-1.5,-1.5,-1.5,-1.0,-1.0,-1.0,-1.5
1950400859,EURNZD,SELL,2026-09-22T03:05,MOMENTUM_CONTINUATION,-1.01,0.0,0.03,0.75,True,4.43,-1.0,1.35,421,,-1.0,-1.0,-1.0,1.35,1.73,3.6,-1.0,-1.0,-1.0,2.2
1950406115,AUDNZD,SELL,2026-09-22T03:07,MOMENTUM_CONTINUATION,-1.04,0.29,0.29,8.3,True,3.88,-1.0,3.39,421,,-1.0,-1.0,-1.0,3.39,3.39,3.39,-1.0,-1.0,-1.0,2.04
1950424706,NZDUSD,BUY,2026-09-22T03:14,BREAKOUT_RETEST,1.38,1.38,2.64,163.55,True,2.64,0.51,1.14,421,,0.51,0.64,-1.0,1.14,0.64,-1.5,0.89,1.0,-1.0,1.0
1950434472,NZDCHF,BUY,2026-09-22T03:18,MOMENTUM_CONTINUATION,0.14,1.27,4.3,186.88,True,4.3,0.24,1.15,421,,0.24,2.3,1.3,1.15,2.3,1.3,0.08,1.51,-1.0,1.51
1950535732,NZDJPY,BUY,2026-09-22T03:59,MOMENTUM_CONTINUATION,0.55,0.73,2.73,177.07,True,2.73,0.68,1.19,421,,0.68,0.73,-1.0,1.19,0.73,-1.5,1.21,-0.04,-1.0,-0.04
1950977012,DE40,SELL,2026-09-22T06:03,BREAKOUT_RETEST,-0.94,1.69,1.64,1.93,True,1.64,0.64,0.14,421,,0.64,-1.0,-1.0,0.14,-1.5,-1.5,-1.0,-1.0,-1.0,-1.5
1951180099,DE40,SELL,2026-09-22T07:07,LIQUIDITY_SWEEP_REVERSAL,0.83,0.85,7.11,83.32,True,7.11,0.81,3.05,421,,0.81,2.55,4.11,3.05,2.55,4.11,-1.0,-1.0,-1.0,-1.5
1951220435,DE40,SELL,2026-09-22T07:20,MOMENTUM_CONTINUATION,-0.98,1.29,1.26,5.93,True,1.26,0.26,-1.5,421,,0.26,-1.0,-1.0,-1.5,-1.5,-1.5,-1.0,-1.0,-1.0,-1.5
1951314510,GBPUSD,SELL,2026-09-22T07:42,SESSION_EXPANSION,0.96,0.98,7.61,50.02,True,7.61,6.61,6.11,421,,6.61,5.61,4.61,6.11,5.61,4.61,1.35,-1.0,-1.0,-1.5
1951358341,US30,SELL,2026-09-22T07:51,BREAKOUT_RETEST,-0.34,1.55,1.51,26.12,True,1.51,0.51,0.01,421,,0.51,-1.0,-1.0,0.01,-1.5,-1.5,-1.0,-1.0,-1.0,-1.5
1951424035,XAUCHF,SELL,2026-09-22T08:05,SESSION_EXPANSION,1.49,1.49,2.04,27.02,True,2.04,0.0,0.54,421,,0.0,0.04,-1.0,0.54,0.04,-1.5,-1.0,-1.0,-1.0,-1.5
1951528929,GBPUSD,SELL,2026-09-22T08:31,MOMENTUM_CONTINUATION,-1.0,0.0,0.96,1.47,True,0.96,-1.0,-1.5,421,,-1.0,-1.0,-1.0,-1.5,-1.5,-1.5,-1.0,-1.0,-1.0,-1.5
1951577567,USDCHF,SELL,2026-09-22T08:39,LIQUIDITY_SWEEP_REVERSAL,1.07,1.07,7.76,130.07,False,7.76,1.1,2.23,421,,1.1,1.73,0.73,2.23,1.73,0.73,6.83,4.93,-0.71,4.93
1951599710,GBPJPY,SELL,2026-09-22T08:42,MOMENTUM_CONTINUATION,-1.11,1.27,0.46,-0.1,True,3.39,-1.0,0.77,421,,-1.0,-1.0,-1.0,0.77,0.27,0.39,-1.0,-1.0,-1.0,-1.5
1951630457,USDJPY,SELL,2026-09-22T08:46,MOMENTUM_CONTINUATION,1.86,1.86,3.49,5.13,True,3.49,2.49,1.99,421,,2.49,1.49,0.49,1.99,1.49,0.49,-1.0,-1.0,-1.0,-1.5
1951637510,EURJPY,SELL,2026-09-22T08:48,MOMENTUM_CONTINUATION,1.11,1.11,2.05,1.9,True,2.05,1.05,0.55,421,,1.05,0.05,-1.0,0.55,0.05,-1.5,-1.0,-1.0,-1.0,-1.5
1951643052,AUDJPY,SELL,2026-09-22T08:49,MOMENTUM_CONTINUATION,-1.03,0.36,0.97,0.85,True,0.97,-1.0,-1.5,421,,-1.0,-1.0,-1.0,-1.5,-1.5,-1.5,-1.0,-1.0,-1.0,-1.5
1951653289,USDJPY,SELL,2026-09-22T08:50,MOMENTUM_CONTINUATION,-1.0,1.16,1.41,1.53,True,1.41,0.41,-1.5,421,,0.41,-1.0,-1.0,-1.5,-1.5,-1.5,-1.0,-1.0,-1.0,-1.5
1951687774,CADJPY,SELL,2026-09-22T08:55,MOMENTUM_CONTINUATION,-1.03,0.06,0.09,1.4,True,0.09,-1.0,-1.5,421,,-1.0,-1.0,-1.0,-1.5,-1.5,-1.5,-1.0,-1.0,-1.0,-1.5
1951691969,EURUSD,SELL,2026-09-22T08:56,SESSION_EXPANSION,0.76,2.03,2.03,8.35,True,2.03,1.03,0.53,421,,1.03,0.03,-1.0,0.53,0.03,-1.5,-1.0,-1.0,-1.0,-1.5
1951697006,EURJPY,SELL,2026-09-22T08:57,MOMENTUM_CONTINUATION,-1.0,0.18,0.16,5.27,True,1.09,-1.0,-1.5,421,,-1.0,-1.0,-1.0,-1.5,-1.5,-1.5,-1.0,-1.0,-1.0,-1.5
1951703605,NZDJPY,SELL,2026-09-22T08:58,MOMENTUM_CONTINUATION,-1.0,0.0,0.0,0.0,True,2.7,-1.0,0.12,421,,-1.0,-1.0,-1.0,0.12,1.78,1.78,-1.0,-1.0,-1.0,1.03
1951747813,CHFJPY,SELL,2026-09-22T09:05,MOMENTUM_CONTINUATION,-1.01,0.09,0.08,0.87,True,0.08,-1.0,-1.5,421,,-1.0,-1.0,-1.0,-1.5,-1.5,-1.5,-1.0,-1.0,-1.0,-1.5
1952686752,US30,BUY,2026-09-22T13:02,MOMENTUM_CONTINUATION,-1.15,1.2,1.03,-0.05,True,3.0,0.03,1.5,421,,0.03,-1.0,-1.0,1.5,1.0,0.0,-1.0,-1.0,-1.0,-1.5
1953165535,CHFJPY,SELL,2026-09-22T14:33,BREAKOUT_RETEST,-1.0,0.28,0.27,1.02,True,0.27,-1.0,-1.5,420,,-1.0,-1.0,-1.0,-1.5,-1.5,-1.5,-1.0,-1.0,-1.0,-1.5
1953391577,EURUSD,SELL,2026-09-22T15:19,LIQUIDITY_SWEEP_REVERSAL,1.02,1.02,2.95,43.77,True,2.95,1.95,1.45,420,,1.95,0.95,-1.0,1.45,0.95,-1.5,2.29,-0.59,-1.0,-0.59
1953464764,UK100,SELL,2026-09-22T15:40,BREAKOUT_RETEST,-1.01,0.34,0.25,4.68,True,0.25,-1.0,-1.5,359,,-1.0,-1.0,-1.0,-1.5,-1.5,-1.5,-1.0,-1.0,-1.0,-1.5
1953493009,GBPUSD,SELL,2026-09-22T15:48,BREAKOUT_RETEST,-1.0,0.74,0.72,44.27,True,0.72,-1.0,-1.5,420,,-1.0,-1.0,-1.0,-1.5,-1.5,-1.5,-1.0,-1.0,-1.0,-1.5
1953788967,XAUEUR,BUY,2026-09-22T17:32,BREAKOUT_RETEST,-1.0,0.9,8.96,391.43,False,8.96,3.08,5.26,360,,3.08,4.76,3.76,5.26,4.76,3.76,7.88,4.98,5.76,4.98
1955703133,XAUUSD,SELL,2026-09-23T07:09,BREAKOUT_RETEST,2.09,2.16,12.13,397.87,False,12.13,1.18,0.68,421,,1.18,3.09,5.58,0.68,3.09,5.58,2.27,3.25,9.31,3.25
1955764556,XAUGBP,SELL,2026-09-23T07:27,BREAKOUT_RETEST,-1.03,0.76,0.73,8.55,True,0.73,-1.0,-1.5,421,,-1.0,-1.0,-1.0,-1.5,-1.5,-1.5,-1.0,-1.0,-1.0,-1.5
1955825689,EURAUD,BUY,2026-09-23T07:45,BREAKOUT_RETEST,-1.11,0.44,0.44,2.5,True,0.44,-1.0,-1.5,421,,-1.0,-1.0,-1.0,-1.5,-1.5,-1.5,-1.0,-1.0,-1.0,-1.5
1955839487,GBPAUD,BUY,2026-09-23T07:51,SESSION_EXPANSION,-1.08,0.42,0.42,46.88,True,0.42,-1.0,-1.5,421,,-1.0,-1.0,-1.0,-1.5,-1.5,-1.5,-1.0,-1.0,-1.0,-1.5
1955919113,UK100,SELL,2026-09-23T08:15,BREAKOUT_RETEST,1.15,1.21,6.41,244.77,False,6.41,1.19,0.69,421,,1.19,3.98,3.41,0.69,3.98,3.41,2.25,5.6,3.06,5.6
1956092333,XAUEUR,SELL,2026-09-23T09:18,BREAKOUT_RETEST,1.27,1.27,9.92,268.57,False,9.92,0.15,0.88,421,,0.15,0.38,3.18,0.88,0.38,3.18,1.56,3.41,8.24,3.41
1956235909,GBPUSD,SELL,2026-09-23T10:03,MOMENTUM_CONTINUATION,1.33,1.33,1.85,41.92,True,1.85,0.85,0.35,421,,0.85,-1.0,-1.0,0.35,-1.5,-1.5,-1.0,-1.0,-1.0,-1.5
1956244661,XAUEUR,SELL,2026-09-23T10:05,BREAKOUT_RETEST,1.11,1.12,9.52,221.85,False,9.52,2.92,4.44,421,,2.92,3.94,2.94,4.44,3.94,2.94,0.82,7.15,6.53,7.15
1956414050,GBPAUD,BUY,2026-09-23T11:12,BREAKOUT_RETEST,1.06,1.06,1.57,13.83,True,8.01,0.57,0.07,421,,0.57,-1.0,-1.0,0.07,4.76,4.87,-1.0,-1.0,-1.0,5.75
1956443852,US30,SELL,2026-09-23T11:21,BREAKOUT_RETEST,2.18,2.18,14.36,341.55,False,14.36,4.31,3.81,421,,4.31,3.31,2.31,3.81,3.31,2.31,4.84,6.49,10.29,6.49
1956454360,UK100,SELL,2026-09-23T11:22,BREAKOUT_RETEST,0.01,1.69,2.05,57.35,True,2.05,0.59,0.09,421,,0.59,0.05,-1.0,0.09,0.05,-1.5,-1.0,-1.0,-1.0,-1.5
1956505645,US30,SELL,2026-09-23T11:34,MOMENTUM_CONTINUATION,1.68,1.68,2.66,8.37,True,2.66,1.66,1.16,421,,1.66,0.66,-1.0,1.16,0.66,-1.5,-1.0,-1.0,-1.0,-1.5
1956521592,XAUEUR,SELL,2026-09-23T11:38,BREAKOUT_RETEST,-0.99,0.73,0.83,0.27,True,0.83,-1.0,-1.5,421,,-1.0,-1.0,-1.0,-1.5,-1.5,-1.5,-1.0,-1.0,-1.0,-1.5
1956573804,US30,SELL,2026-09-23T11:48,MOMENTUM_CONTINUATION,-1.04,0.25,0.22,1.67,True,3.85,-1.0,1.12,421,,-1.0,-1.0,-1.0,1.12,0.62,0.32,-1.0,-1.0,-1.0,-1.5
1956660310,XAUAUD,BUY,2026-09-23T12:14,BREAKOUT_RETEST,-1.06,0.23,0.23,-0.02,True,0.23,-1.0,-1.5,421,,-1.0,-1.0,-1.0,-1.5,-1.5,-1.5,-1.0,-1.0,-1.0,-1.5
1956886405,UK100,SELL,2026-09-23T13:09,BREAKOUT_RETEST,-1.12,0.56,0.46,11.12,True,0.46,-1.0,-1.5,421,,-1.0,-1.0,-1.0,-1.5,-1.5,-1.5,-1.0,-1.0,-1.0,-1.5
1957005540,EURAUD,BUY,2026-09-23T13:33,MOMENTUM_CONTINUATION,2.32,2.32,4.73,152.78,False,4.73,0.2,1.59,421,,0.2,1.45,1.73,1.59,1.45,1.73,2.73,2.02,0.68,2.02
1957025241,US30,BUY,2026-09-23T13:36,LIQUIDITY_SWEEP_REVERSAL,0.58,0.58,0.71,1.38,True,0.71,-1.0,-1.5,421,,-1.0,-1.0,-1.0,-1.5,-1.5,-1.5,-1.0,-1.0,-1.0,-1.5
1957039202,US30,BUY,2026-09-23T13:39,LIQUIDITY_SWEEP_REVERSAL,-0.99,0.05,0.05,0.38,True,0.05,-1.0,-1.5,421,,-1.0,-1.0,-1.0,-1.5,-1.5,-1.5,-1.0,-1.0,-1.0,-1.5
1957105578,GBPUSD,BUY,2026-09-23T13:47,LIQUIDITY_SWEEP_REVERSAL,-1.07,0.06,0.0,0.0,True,0.0,-1.0,-1.5,421,,-1.0,-1.0,-1.0,-1.5,-1.5,-1.5,-1.0,-1.0,-1.0,-1.5
1957120914,GBPAUD,BUY,2026-09-23T13:49,LIQUIDITY_SWEEP_REVERSAL,0.69,0.69,3.09,127.77,True,3.09,1.13,0.63,421,,1.13,0.98,0.09,0.63,0.98,0.09,2.65,-1.0,-1.0,0.72
1957149468,EURNZD,BUY,2026-09-23T13:53,MOMENTUM_CONTINUATION,-0.97,0.62,0.64,0.7,True,0.64,-1.0,-1.5,421,,-1.0,-1.0,-1.0,-1.5,-1.5,-1.5,-1.0,-1.0,-1.0,-1.5
1957166688,GBPAUD,BUY,2026-09-23T13:56,BREAKOUT_RETEST,-0.06,1.25,1.25,37.95,True,1.35,0.25,-1.5,421,,0.25,-1.0,-1.0,-1.5,-1.5,-1.5,-1.0,-1.0,-1.0,-1.5
1957221034,EURJPY,BUY,2026-09-23T14:04,BREAKOUT_RETEST,0.8,0.8,1.12,9.07,True,1.55,0.12,0.05,418,,0.12,-1.0,-1.0,0.05,-1.5,-1.5,-1.0,-1.0,-1.0,-1.5
1957245207,US500,SELL,2026-09-23T14:09,MOMENTUM_CONTINUATION,2.28,2.28,3.51,16.35,True,7.76,0.39,2.01,411,,0.39,1.51,0.51,2.01,1.51,0.51,-1.0,-1.0,-1.0,3.47
1957321396,US500,SELL,2026-09-23T14:22,MOMENTUM_CONTINUATION,-1.07,0.48,0.43,3.62,True,0.43,-1.0,-1.5,398,,-1.0,-1.0,-1.0,-1.5,-1.5,-1.5,-1.0,-1.0,-1.0,-1.5
1957337826,USDJPY,BUY,2026-09-23T14:25,TREND_PULLBACK,-0.98,0.51,0.52,1.38,True,0.52,-1.0,-1.5,420,,-1.0,-1.0,-1.0,-1.5,-1.5,-1.5,-1.0,-1.0,-1.0,-1.5
1957428860,EURAUD,BUY,2026-09-23T14:44,TREND_PULLBACK,1.14,1.14,2.55,81.63,True,2.55,1.55,1.05,411,,1.55,0.55,-1.0,1.05,0.55,-1.5,1.22,-1.0,-1.0,-0.3
1957470011,GBPUSD,SELL,2026-09-23T14:53,LIQUIDITY_SWEEP_REVERSAL,0.74,1.07,6.0,132.23,False,6.0,0.04,4.5,411,,0.04,4.0,3.0,4.5,4.0,3.0,4.62,3.1,2.66,3.1
1957539621,EURJPY,BUY,2026-09-23T15:09,BREAKOUT_RETEST,-1.01,0.36,0.36,31.2,True,0.36,-1.0,-1.5,409,,-1.0,-1.0,-1.0,-1.5,-1.5,-1.5,-1.0,-1.0,-1.0,-1.5
1957690402,US500,SELL,2026-09-23T15:51,BREAKOUT_RETEST,-1.0,0.0,0.0,0.0,True,2.66,-1.0,1.16,360,,-1.0,-1.0,-1.0,1.16,0.66,0.03,-1.0,-1.0,-1.0,2.15
1957791249,GBPCAD,SELL,2026-09-23T16:30,BREAKOUT_RETEST,2.01,2.01,3.36,44.58,True,3.36,2.36,1.86,411,,2.36,1.36,0.36,1.86,1.36,0.36,1.23,0.6,-1.0,0.6
1957801951,GBPUSD,SELL,2026-09-23T16:34,BREAKOUT_RETEST,2.11,2.11,3.27,31.3,True,3.27,2.27,1.77,411,,2.27,1.27,0.27,1.77,1.27,0.27,-1.0,-1.0,-1.0,0.73
1957851542,EURUSD,SELL,2026-09-23T16:51,BREAKOUT_RETEST,2.08,2.08,2.11,14.73,True,2.11,1.11,0.61,411,,1.11,0.11,-1.0,0.61,0.11,-1.5,-1.0,-1.0,-1.0,-1.5
1957926863,USDCHF,BUY,2026-09-23T17:09,BREAKOUT_RETEST,-0.98,0.17,0.17,5.42,True,0.17,-1.0,-1.5,411,,-1.0,-1.0,-1.0,-1.5,-1.5,-1.5,-1.0,-1.0,-1.0,-1.5
1957967044,GBPUSD,SELL,2026-09-23T17:21,TREND_PULLBACK,-1.09,0.17,0.22,2.32,True,0.22,-1.0,-1.5,411,,-1.0,-1.0,-1.0,-1.5,-1.5,-1.5,-1.0,-1.0,-1.0,-1.5
1957986608,UK100,SELL,2026-09-23T17:29,BREAKOUT_RETEST,-1.02,0.41,0.31,9.82,True,0.31,-1.0,-1.5,358,,-1.0,-1.0,-1.0,-1.5,-1.5,-1.5,-1.0,-1.0,-1.0,-1.5
1957991154,EURUSD,SELL,2026-09-23T17:30,TREND_PULLBACK,-1.09,0.64,0.64,8.42,True,0.64,-1.0,-1.5,411,,-1.0,-1.0,-1.0,-1.5,-1.5,-1.5,-1.0,-1.0,-1.0,-1.5
1958042087,USDJPY,SELL,2026-09-23T17:43,FAILED_BREAKOUT_RECLAIM,-1.08,0.31,0.0,0.0,True,0.0,-1.0,-1.5,411,,-1.0,-1.0,-1.0,-1.5,-1.5,-1.5,-1.0,-1.0,-1.0,-1.5
1958083127,USDCHF,BUY,2026-09-23T17:55,BREAKOUT_RETEST,0.95,1.21,4.38,416.92,False,4.38,1.52,1.02,411,,1.52,1.64,0.64,1.02,1.64,0.64,2.07,2.1,3.79,2.1
1958788307,US30,SELL,2026-09-24T00:12,BREAKOUT_RETEST,2.92,2.92,7.15,409.87,False,7.15,0.84,0.34,421,,0.84,2.63,1.63,0.34,2.63,1.63,3.4,4.31,3.12,4.31
1958911253,XAUEUR,BUY,2026-09-24T00:57,BREAKOUT_RETEST,-0.91,0.0,0.0,0.0,True,0.0,-1.0,-1.5,421,,-1.0,-1.0,-1.0,-1.5,-1.5,-1.5,-1.0,-1.0,-1.0,-1.5
1958915345,EURJPY,SELL,2026-09-24T00:59,LIQUIDITY_SWEEP_REVERSAL,0.65,2.09,3.09,63.98,True,3.09,0.92,0.56,421,,0.92,1.09,0.09,0.56,1.09,0.09,0.68,0.7,-1.0,0.7
1958932643,AUDJPY,SELL,2026-09-24T01:02,BREAKOUT_RETEST,2.16,2.16,4.39,60.13,True,4.39,0.53,0.03,421,,0.53,1.39,1.39,0.03,1.39,1.39,0.76,0.7,-1.0,0.7
1958942815,CHFJPY,SELL,2026-09-24T01:04,SESSION_EXPANSION,1.98,1.98,2.68,58.1,True,2.68,1.03,0.76,421,,1.03,0.68,-1.0,0.76,0.68,-1.5,0.32,-1.0,-1.0,-1.5
1959029442,AUDJPY,SELL,2026-09-24T01:32,MOMENTUM_CONTINUATION,-1.01,0.0,0.0,0.0,True,0.0,-1.0,-1.5,421,,-1.0,-1.0,-1.0,-1.5,-1.5,-1.5,-1.0,-1.0,-1.0,-1.5
1959077821,DE40,SELL,2026-09-24T01:47,BREAKOUT_RETEST,-1.01,0.97,0.84,2.87,True,0.84,-1.0,-1.5,421,,-1.0,-1.0,-1.0,-1.5,-1.5,-1.5,-1.0,-1.0,-1.0,-1.5
1959116910,AUDUSD,SELL,2026-09-24T01:58,BREAKOUT_RETEST,-0.2,1.44,1.44,13.77,True,1.44,0.44,-1.5,421,,0.44,-1.0,-1.0,-1.5,-1.5,-1.5,-1.0,-1.0,-1.0,-1.5
1959155468,GBPAUD,BUY,2026-09-24T02:07,BREAKOUT_RETEST,-1.0,0.41,0.41,5.0,True,0.41,-1.0,-1.5,421,,-1.0,-1.0,-1.0,-1.5,-1.5,-1.5,-1.0,-1.0,-1.0,-1.5
1959444031,XAUJPY,SELL,2026-09-24T03:52,BREAKOUT_RETEST,-1.0,0.01,0.02,-0.58,True,0.09,-1.0,-1.5,421,,-1.0,-1.0,-1.0,-1.5,-1.5,-1.5,-1.0,-1.0,-1.0,-1.5
1959754918,USDJPY,SELL,2026-09-24T05:49,BREAKOUT_ACCEPTANCE,-1.0,0.83,0.83,20.77,True,0.83,-1.0,-1.5,421,,-1.0,-1.0,-1.0,-1.5,-1.5,-1.5,-1.0,-1.0,-1.0,-1.5
1959857855,CHFJPY,BUY,2026-09-24T06:17,LIQUIDITY_SWEEP_REVERSAL,2.01,2.01,2.68,62.75,True,2.68,0.19,1.18,421,,0.19,0.68,-1.0,1.18,0.68,-1.5,-1.0,-1.0,-1.0,-1.5
1959904690,US30,SELL,2026-09-24T06:32,BREAKOUT_RETEST,-0.16,1.24,1.2,4.45,True,1.42,0.2,-1.5,421,,0.2,-1.0,-1.0,-1.5,-1.5,-1.5,-1.0,-1.0,-1.0,-1.5
1959936438,EURJPY,BUY,2026-09-24T06:41,BREAKOUT_RETEST,-1.0,0.0,0.0,0.0,True,0.0,-1.0,-1.5,421,,-1.0,-1.0,-1.0,-1.5,-1.5,-1.5,-1.0,-1.0,-1.0,-1.5
1959955611,XAUEUR,SELL,2026-09-24T06:47,BREAKOUT_RETEST,-1.0,0.05,0.03,0.85,True,0.03,-1.0,-1.5,421,,-1.0,-1.0,-1.0,-1.5,-1.5,-1.5,-1.0,-1.0,-1.0,-1.5
1959958303,XAUCHF,SELL,2026-09-24T06:48,BREAKOUT_RETEST,-1.03,0.1,0.09,0.77,True,0.09,-1.0,-1.5,421,,-1.0,-1.0,-1.0,-1.5,-1.5,-1.5,-1.0,-1.0,-1.0,-1.5
1959973698,USDJPY,BUY,2026-09-24T06:55,BREAKOUT_RETEST,-1.03,0.29,0.29,6.9,True,0.29,-1.0,-1.5,421,,-1.0,-1.0,-1.0,-1.5,-1.5,-1.5,-1.0,-1.0,-1.0,-1.5
1960107614,GBPCHF,BUY,2026-09-24T07:33,MOMENTUM_CONTINUATION,-0.98,0.2,0.02,-0.1,True,4.85,-1.0,3.35,421,,-1.0,-1.0,-1.0,3.35,2.85,1.85,-1.0,-1.0,-1.0,0.95
1960124048,EURCHF,BUY,2026-09-24T07:37,MOMENTUM_CONTINUATION,2.31,2.31,3.75,18.45,True,3.75,2.75,2.25,421,,2.75,1.75,0.75,2.25,1.75,0.75,0.93,-1.0,-1.0,-0.27
1960136683,CADCHF,BUY,2026-09-24T07:41,MOMENTUM_CONTINUATION,2.3,2.3,2.89,89.2,True,2.89,1.38,0.88,421,,1.38,0.38,-1.0,0.88,0.38,-1.5,1.65,-1.0,-1.0,0.59
1960141291,AUDCHF,BUY,2026-09-24T07:42,MOMENTUM_CONTINUATION,-0.03,1.72,0.0,0.0,True,1.72,-1.0,0.22,421,,-1.0,-1.0,-1.0,0.22,-1.5,-1.5,-1.0,-1.0,-1.0,-1.5
1960150862,CHFJPY,SELL,2026-09-24T07:45,BREAKOUT_RETEST,-1.02,0.8,0.8,10.37,True,0.8,-1.0,-1.5,421,,-1.0,-1.0,-1.0,-1.5,-1.5,-1.5,-1.0,-1.0,-1.0,-1.5
1960229460,GBPCHF,BUY,2026-09-24T08:04,BREAKOUT_RETEST,-1.13,0.34,0.34,9.03,True,0.34,-1.0,-1.5,421,,-1.0,-1.0,-1.0,-1.5,-1.5,-1.5,-1.0,-1.0,-1.0,-1.5
1960254691,GBPJPY,BUY,2026-09-24T08:11,BREAKOUT_RETEST,0.78,1.04,3.78,208.1,False,3.78,0.04,1.88,421,,0.04,1.43,3.01,1.88,1.43,3.01,2.79,2.57,3.01,2.57
1960297930,XAUGBP,SELL,2026-09-24T08:18,LIQUIDITY_SWEEP_REVERSAL,0.1,1.45,2.94,131.7,True,2.94,0.26,1.44,421,,0.26,0.94,-1.0,1.44,0.94,-1.5,2.17,-1.0,-1.0,-1.5
1960305007,NZDCHF,BUY,2026-09-24T08:19,MOMENTUM_CONTINUATION,0.05,1.44,1.82,51.37,True,1.82,0.44,0.32,421,,0.44,-1.0,-1.0,0.32,-1.26,-1.26,0.41,0.03,-1.0,0.03
1960348848,CADCHF,BUY,2026-09-24T08:28,LIQUIDITY_SWEEP_REVERSAL,-0.98,0.04,0.04,1.02,True,0.12,-1.0,-1.5,421,,-1.0,-1.0,-1.0,-1.5,-1.5,-1.5,-1.0,-1.0,-1.0,-1.5
1960375775,US500,SELL,2026-09-24T08:33,BREAKOUT_RETEST,1.39,1.39,3.75,69.58,True,3.75,0.61,0.16,421,,0.61,1.75,0.75,0.16,1.75,0.75,1.25,-1.0,-1.0,-1.5
1960425140,US500,SELL,2026-09-24T08:46,SESSION_EXPANSION,0.85,0.91,2.74,56.12,True,2.74,1.74,1.24,421,,1.74,0.74,-1.0,1.24,0.74,-1.5,-0.62,-1.0,-1.0,-1.5
1960441142,DE40,SELL,2026-09-24T08:51,SESSION_EXPANSION,-0.99,0.63,0.62,3.02,True,0.62,-1.0,-1.5,421,,-1.0,-1.0,-1.0,-1.5,-1.5,-1.5,-1.0,-1.0,-1.0,-1.5
1960518198,US500,SELL,2026-09-24T09:08,SESSION_EXPANSION,-0.24,1.02,3.08,34.75,True,3.08,2.08,1.58,421,,2.08,1.08,0.08,1.58,1.08,0.08,-1.0,-1.0,-1.0,-1.5
1963499958,XAUEUR,BUY,2026-09-25T01:11,BREAKOUT_RETEST,2.11,2.11,2.25,29.5,True,2.25,1.25,0.75,421,,1.25,0.25,-1.0,0.75,0.25,-1.5,-1.0,-1.0,-1.0,-1.5
1963515361,XAUUSD,BUY,2026-09-25T01:15,BREAKOUT_RETEST,-1.02,1.0,1.0,25.28,True,1.0,-1.0,-1.5,421,,-1.0,-1.0,-1.0,-1.5,-1.5,-1.5,-1.0,-1.0,-1.0,-1.5
1963597630,XAUJPY,BUY,2026-09-25T02:03,BREAKOUT_RETEST,-1.1,0.27,0.28,0.98,True,0.28,-1.0,-1.5,421,,-1.0,-1.0,-1.0,-1.5,-1.5,-1.5,-1.0,-1.0,-1.0,-1.5
1963609350,USDJPY,SELL,2026-09-25T02:08,LIQUIDITY_SWEEP_REVERSAL,-1.19,0.27,0.34,0.83,True,0.34,-1.0,-1.5,421,,-1.0,-1.0,-1.0,-1.5,-1.5,-1.5,-1.0,-1.0,-1.0,-1.5
1963650987,EURNZD,BUY,2026-09-25T02:38,BREAKOUT_RETEST,-0.04,1.76,1.76,13.83,True,1.76,0.76,0.26,421,,0.76,-1.0,-1.0,0.26,-1.5,-1.5,-1.0,-1.0,-1.0,-1.5
1963755428,CHFJPY,SELL,2026-09-25T03:44,BREAKOUT_RETEST,-0.06,1.47,11.03,419.75,False,11.03,0.44,2.75,421,,0.44,2.25,4.97,2.75,2.25,4.97,2.71,6.46,10.32,6.46
1963827948,XAUJPY,SELL,2026-09-25T04:43,SESSION_EXPANSION,1.86,1.9,5.1,30.63,True,5.1,4.1,3.6,421,,4.1,3.1,2.1,3.6,3.1,2.1,1.03,-1.0,-1.0,-1.5
1963853413,XAUGBP,SELL,2026-09-25T04:57,BREAKOUT_RETEST,2.23,2.24,2.28,16.27,True,2.28,1.28,0.78,421,,1.28,0.28,-1.0,0.78,0.28,-1.5,-1.0,-1.0,-1.0,-1.5
1963869067,XAUEUR,SELL,2026-09-25T05:02,BREAKOUT_RETEST,-1.0,1.43,1.42,11.68,True,1.42,0.42,-1.5,421,,0.42,-1.0,-1.0,-1.5,-1.5,-1.5,-1.0,-1.0,-1.0,-1.5
1963873157,XAUJPY,SELL,2026-09-25T05:04,BREAKOUT_RETEST,1.51,1.51,2.93,9.65,True,2.93,1.93,1.43,421,,1.93,0.93,-1.0,1.43,0.93,-1.5,-1.0,-1.0,-1.0,-1.5
1963889003,XAUJPY,SELL,2026-09-25T05:10,BREAKOUT_RETEST,-1.0,0.52,0.49,3.07,True,0.49,-1.0,-1.5,421,,-1.0,-1.0,-1.0,-1.5,-1.5,-1.5,-1.0,-1.0,-1.0,-1.5
1963917052,XAUUSD,SELL,2026-09-25T05:27,SESSION_EXPANSION,-1.01,0.11,0.0,0.0,True,0.0,-1.0,-1.5,421,,-1.0,-1.0,-1.0,-1.5,-1.5,-1.5,-1.0,-1.0,-1.0,-1.5
1963921191,XAUGBP,SELL,2026-09-25T05:28,SESSION_EXPANSION,-1.01,0.34,0.3,1.48,True,0.3,-1.0,-1.5,421,,-1.0,-1.0,-1.0,-1.5,-1.5,-1.5,-1.0,-1.0,-1.0,-1.5
1963936134,US30,BUY,2026-09-25T05:32,SQUEEZE_RELEASE,2.34,2.34,9.45,362.38,False,9.45,0.02,1.22,421,,0.02,0.72,4.57,1.22,0.72,4.57,1.36,4.91,5.17,4.91
1964066194,CHFJPY,SELL,2026-09-25T06:21,BREAKOUT_RETEST,-1.0,0.0,0.0,0.0,True,0.0,-1.0,-1.5,421,,-1.0,-1.0,-1.0,-1.5,-1.5,-1.5,-1.0,-1.0,-1.0,-1.5
1964098439,DE40,BUY,2026-09-25T06:36,BREAKOUT_RETEST,-0.21,1.06,1.06,10.03,True,1.06,0.06,-1.5,421,,0.06,-1.0,-1.0,-1.5,-1.5,-1.5,-1.0,-1.0,-1.0,-1.5
1964106849,USDJPY,SELL,2026-09-25T06:42,BREAKOUT_RETEST,-0.17,1.12,1.23,30.08,True,1.23,0.12,-1.5,421,,0.12,-1.0,-1.0,-1.5,-1.5,-1.5,-1.0,-1.0,-1.0,-1.5
1964534502,US30,BUY,2026-09-25T09:34,BREAKOUT_RETEST,-1.02,0.21,0.21,6.72,True,0.21,-1.0,-1.5,421,,-1.0,-1.0,-1.0,-1.5,-1.5,-1.5,-1.0,-1.0,-1.0,-1.5
1964562849,UK100,BUY,2026-09-25T09:50,BREAKOUT_RETEST,-1.02,0.51,0.51,6.83,True,0.51,-1.0,-1.5,421,,-1.0,-1.0,-1.0,-1.5,-1.5,-1.5,-1.0,-1.0,-1.0,-1.5
1964603305,NZDJPY,SELL,2026-09-25T10:07,BREAKOUT_RETEST,0.09,1.16,7.9,199.42,False,7.9,0.13,3.22,421,,0.13,5.9,4.9,3.22,5.9,4.9,1.5,6.24,5.76,6.24
1964630697,XAUCHF,BUY,2026-09-25T10:14,LIQUIDITY_SWEEP_REVERSAL,-0.01,1.11,1.11,45.62,True,1.11,0.11,-1.5,421,,0.11,-1.0,-1.0,-1.5,-1.5,-1.5,-1.0,-1.0,-1.0,-1.5
1964651701,XAUGBP,BUY,2026-09-25T10:22,BREAKOUT_RETEST,-1.04,1.0,1.0,47.55,True,1.0,-1.0,-1.5,421,,-1.0,-1.0,-1.0,-1.5,-1.5,-1.5,-1.0,-1.0,-1.0,-1.5
1964676972,GBPJPY,SELL,2026-09-25T10:34,BREAKOUT_RETEST,-0.99,0.09,0.08,0.52,True,6.04,-1.0,4.54,421,,-1.0,-1.0,-1.0,4.54,4.04,3.04,-1.0,-1.0,-1.0,3.21
1964701355,CADJPY,SELL,2026-09-25T10:45,BREAKOUT_RETEST,1.57,1.57,8.09,161.5,False,8.09,1.34,1.61,421,,1.34,1.11,5.09,1.61,1.11,5.09,0.97,3.8,6.23,3.8
1964718903,US30,BUY,2026-09-25T10:54,BREAKOUT_RETEST,0.88,0.88,4.78,40.38,True,4.78,3.01,3.28,421,,3.01,2.78,1.78,3.28,2.78,1.78,1.5,-1.0,-1.0,-1.5
1964729097,XAUEUR,BUY,2026-09-25T10:57,BREAKOUT_RETEST,-1.01,0.14,0.14,2.42,True,0.14,-1.0,-1.5,421,,-1.0,-1.0,-1.0,-1.5,-1.5,-1.5,-1.0,-1.0,-1.0,-1.5
1964762749,AUDJPY,SELL,2026-09-25T11:07,BREAKOUT_RETEST,0.83,0.87,9.32,139.02,False,9.32,1.23,0.73,421,,1.23,0.23,6.32,0.73,0.23,6.32,3.55,5.07,5.34,5.07
1964918764,EURJPY,SELL,2026-09-25T12:08,BREAKOUT_RETEST,-1.03,0.45,0.44,1.33,True,0.44,-1.0,-1.5,421,,-1.0,-1.0,-1.0,-1.5,-1.5,-1.5,-1.0,-1.0,-1.0,-1.5
1964996474,US30,BUY,2026-09-25T12:33,BREAKOUT_RETEST,-0.99,0.51,0.52,0.37,True,1.18,-1.0,-1.5,421,,-1.0,-1.0,-1.0,-1.5,-1.5,-1.5,-1.0,-1.0,-1.0,-1.5
1965161632,GBPJPY,SELL,2026-09-25T13:22,MOMENTUM_CONTINUATION,0.05,2.42,2.37,4.55,True,2.37,1.37,0.87,421,,1.37,0.37,-1.0,0.87,0.37,-1.5,-1.0,-1.0,-1.0,-1.5
1965168319,XAUCHF,BUY,2026-09-25T13:24,SESSION_EXPANSION,-1.0,0.11,0.06,0.98,True,0.06,-1.0,-1.5,421,,-1.0,-1.0,-1.0,-1.5,-1.5,-1.5,-1.0,-1.0,-1.0,-1.5
1965252654,UK100,SELL,2026-09-25T13:40,BREAKOUT_RETEST,-0.63,1.15,2.36,25.07,True,2.36,0.04,0.86,380,,0.04,0.36,-1.0,0.86,0.36,-1.5,-1.0,-1.0,-1.0,-1.5
1968607892,UK100,BUY,2026-09-28T08:40,BREAKOUT_RETEST,-1.01,0.52,0.52,9.18,True,0.52,-1.0,-1.5,421,,-1.0,-1.0,-1.0,-1.5,-1.5,-1.5,-1.0,-1.0,-1.0,-1.5
1968615836,AUDJPY,SELL,2026-09-28T08:43,BREAKOUT_ACCEPTANCE,-1.02,0.67,0.67,1.93,True,0.67,-1.0,-1.5,421,,-1.0,-1.0,-1.0,-1.5,-1.5,-1.5,-1.0,-1.0,-1.0,-1.5
1968651622,NZDJPY,SELL,2026-09-28T08:57,BREAKOUT_RETEST,-1.04,0.75,0.67,4.6,True,0.67,-1.0,-1.5,421,,-1.0,-1.0,-1.0,-1.5,-1.5,-1.5,-1.0,-1.0,-1.0,-1.5
1968708741,US30,SELL,2026-09-28T09:13,BREAKOUT_RETEST,-1.02,0.0,0.0,0.0,True,0.0,-1.0,-1.5,421,,-1.0,-1.0,-1.0,-1.5,-1.5,-1.5,-1.0,-1.0,-1.0,-1.5
1968764242,GBPNZD,BUY,2026-09-28T09:38,BREAKOUT_ACCEPTANCE,0.56,1.78,1.78,32.83,True,1.78,0.78,0.28,421,,0.78,-1.0,-1.0,0.28,-1.5,-1.5,0.53,-1.0,-1.0,-1.5
1969147545,XAUJPY,SELL,2026-09-28T12:07,LIQUIDITY_SWEEP_REVERSAL,-1.1,0.9,0.95,0.6,True,9.27,-1.0,2.04,421,,-1.0,-1.0,-1.0,2.04,1.54,2.28,-1.0,-1.0,-1.0,7.66
1969288502,AUDJPY,SELL,2026-09-28T12:46,SESSION_EXPANSION,0.97,1.25,1.58,57.18,True,1.58,0.58,0.08,421,,0.58,-1.0,-1.0,0.08,-1.5,-1.5,-1.0,-1.0,-1.0,-1.5
1969326584,DE40,BUY,2026-09-28T12:57,BREAKOUT_RETEST,-1.02,0.08,0.0,0.0,True,0.0,-1.0,-1.5,421,,-1.0,-1.0,-1.0,-1.5,-1.5,-1.5,-1.0,-1.0,-1.0,-1.5
1969795974,US500,SELL,2026-09-28T14:44,LIQUIDITY_SWEEP_REVERSAL,2.06,2.06,2.22,10.9,True,2.22,0.93,0.72,376,,0.93,0.22,-1.0,0.72,0.22,-1.5,-1.0,-1.0,-1.0,-1.5
1970188300,US500,BUY,2026-09-28T16:26,LIQUIDITY_SWEEP_REVERSAL,-1.02,0.11,0.0,0.0,True,0.14,-1.0,-1.5,361,,-1.0,-1.0,-1.0,-1.5,-1.5,-1.5,-1.0,-1.0,-1.0,-1.5
1970199338,EURUSD,BUY,2026-09-28T16:28,LIQUIDITY_SWEEP_REVERSAL,-1.0,0.06,0.0,0.0,True,0.0,-1.0,-1.5,420,,-1.0,-1.0,-1.0,-1.5,-1.5,-1.5,-1.0,-1.0,-1.0,-1.5
1970238096,EURNZD,SELL,2026-09-28T16:35,SESSION_EXPANSION,-1.05,0.02,0.05,1.58,True,0.05,-1.0,-1.5,420,,-1.0,-1.0,-1.0,-1.5,-1.5,-1.5,-1.0,-1.0,-1.0,-1.5
1970253996,NZDUSD,BUY,2026-09-28T16:41,SESSION_EXPANSION,-1.0,0.07,0.0,0.0,True,1.89,-1.0,0.39,420,,-1.0,-1.0,-1.0,0.39,-1.5,-1.5,-1.0,-1.0,-1.0,-1.5
1970313367,USDJPY,SELL,2026-09-28T17:04,BREAKOUT_ACCEPTANCE,-1.0,0.15,3.06,9.88,True,3.06,2.06,1.56,420,,2.06,1.06,0.06,1.56,1.06,0.06,-0.22,-1.0,-1.0,-0.58
1970582976,US500,SELL,2026-09-28T19:00,BREAKOUT_RETEST,1.03,1.03,3.31,379.22,False,3.31,1.13,0.63,361,,1.13,2.36,2.36,0.63,2.36,2.36,1.21,0.68,2.36,0.68
1970971953,US30,SELL,2026-09-29T00:16,BREAKOUT_RETEST,0.5,1.09,5.24,318.15,False,5.24,0.17,1.1,421,,0.17,3.24,2.24,1.1,3.24,2.24,0.68,2.6,1.05,2.6
1972066875,XAUEUR,BUY,2026-09-29T08:15,BREAKOUT_RETEST,1.15,1.15,8.06,366.32,False,8.06,1.32,2.93,421,,1.32,2.43,1.43,2.93,2.43,1.43,2.31,2.43,5.4,2.43
1972162382,GBPCHF,BUY,2026-09-29T08:56,SESSION_EXPANSION,0.48,1.33,1.33,18.72,True,1.33,0.33,-1.5,421,,0.33,-1.0,-1.0,-1.5,-1.5,-1.5,-1.0,-1.0,-1.0,-1.5
1972265581,GBPCHF,BUY,2026-09-29T09:40,SESSION_EXPANSION,0.5,1.07,1.1,13.35,True,1.1,0.1,-1.5,421,,0.1,-1.0,-1.0,-1.5,-1.5,-1.5,-1.0,-1.0,-1.0,-1.5
1972417048,XAUJPY,BUY,2026-09-29T10:49,SESSION_EXPANSION,0.97,0.97,1.95,38.58,True,6.6,0.95,0.45,421,,0.95,-1.0,-1.0,0.45,4.21,3.21,-1.0,-1.0,-1.0,3.63
1972485947,CADJPY,SELL,2026-09-29T11:16,BREAKOUT_ACCEPTANCE,0.47,1.03,1.71,47.53,True,1.71,0.71,0.21,421,,0.71,-1.0,-1.0,0.21,-1.5,-1.5,-1.0,-1.0,-1.0,-1.5
1972548789,XAUJPY,BUY,2026-09-29T11:45,SESSION_EXPANSION,1.33,1.33,1.6,4.95,True,7.87,0.6,0.1,421,,0.6,-1.0,-1.0,0.1,2.51,4.42,-1.0,-1.0,-1.0,3.12
1972589080,XAUJPY,BUY,2026-09-29T11:54,LIQUIDITY_SWEEP_REVERSAL,-1.03,0.19,0.19,0.78,True,6.62,-1.0,2.21,421,,-1.0,-1.0,-1.0,2.21,4.22,3.22,-1.0,-1.0,-1.0,2.32
1973317582,GBPCAD,SELL,2026-09-29T15:46,SESSION_EXPANSION,-1.02,0.09,0.17,0.63,True,0.17,-1.0,-1.5,420,,-1.0,-1.0,-1.0,-1.5,-1.5,-1.5,-1.0,-1.0,-1.0,-1.5
1973505082,US30,BUY,2026-09-29T17:05,SQUEEZE_RELEASE,0.76,1.12,9.87,419.97,False,9.87,1.42,0.92,361,,1.42,1.8,9.73,0.92,1.8,9.73,5.84,7.13,9.73,7.13
1973538812,EURNZD,BUY,2026-09-29T17:28,SESSION_EXPANSION,-1.01,0.93,0.93,42.33,True,0.93,-1.0,-1.5,420,,-1.0,-1.0,-1.0,-1.5,-1.5,-1.5,-1.0,-1.0,-1.0,-1.5
1973623828,XAUJPY,BUY,2026-09-29T18:02,FAILED_BREAKOUT_RECLAIM,-1.03,0.05,0.0,0.0,True,5.83,-1.0,0.49,360,,-1.0,-1.0,-1.0,0.49,3.83,2.83,-1.0,-1.0,-1.0,4.15
1973629611,XAUEUR,BUY,2026-09-29T18:03,LIQUIDITY_SWEEP_REVERSAL,0.45,1.1,5.44,351.2,False,5.44,0.11,0.3,360,,0.11,0.62,3.39,0.3,0.62,3.39,2.69,4.34,3.39,4.34
1974150578,US30,BUY,2026-09-30T00:05,SESSION_EXPANSION,-0.99,0.29,0.29,2.65,True,0.29,-1.0,-1.5,421,,-1.0,-1.0,-1.0,-1.5,-1.5,-1.5,-1.0,-1.0,-1.0,-1.5
1974283031,USDJPY,SELL,2026-09-30T01:17,MOMENTUM_CONTINUATION,0.5,2.13,0.0,0.0,True,9.72,-1.0,0.62,421,,-1.0,-1.0,-1.0,0.62,0.12,2.75,-1.0,-1.0,-1.0,-1.5
1974315121,AUDJPY,SELL,2026-09-30T01:30,MOMENTUM_CONTINUATION,2.81,4.24,0.0,0.0,True,0.0,-1.0,-1.5,421,,-1.0,-1.0,-1.0,-1.5,-1.5,-1.5,-1.0,-1.0,-1.0,-1.5
1974319375,GBPAUD,BUY,2026-09-30T01:32,LIQUIDITY_SWEEP_REVERSAL,3.09,4.07,6.37,419.95,False,6.37,3.5,3.0,421,,3.5,2.5,1.5,3.0,2.5,1.5,0.79,1.48,6.22,1.48
1974326020,USDJPY,SELL,2026-09-30T01:34,MOMENTUM_CONTINUATION,0.51,2.24,5.25,53.25,True,5.25,1.24,0.74,421,,1.24,0.24,2.25,0.74,0.24,2.25,1.37,-1.0,-1.0,-1.5
1974332496,EURAUD,BUY,2026-09-30T01:37,MOMENTUM_CONTINUATION,0.49,1.3,1.94,3.97,True,1.94,0.94,0.44,421,,0.94,-1.0,-1.0,0.44,-1.5,-1.5,-1.0,-1.0,-1.0,-1.5
1974335064,AUDNZD,SELL,2026-09-30T01:38,MOMENTUM_CONTINUATION,0.51,1.32,1.31,2.77,True,1.31,0.31,-1.5,421,,0.31,-1.0,-1.0,-1.5,-1.5,-1.5,-1.0,-1.0,-1.0,-1.5
1974346462,AUDJPY,SELL,2026-09-30T01:43,MOMENTUM_CONTINUATION,-1.02,0.29,0.3,0.08,True,0.3,-1.0,-1.5,421,,-1.0,-1.0,-1.0,-1.5,-1.5,-1.5,-1.0,-1.0,-1.0,-1.5
1974419114,CHFJPY,SELL,2026-09-30T02:19,MOMENTUM_CONTINUATION,-1.0,0.19,0.15,0.88,True,0.15,-1.0,-1.5,421,,-1.0,-1.0,-1.0,-1.5,-1.5,-1.5,-1.0,-1.0,-1.0,-1.5
1974470683,EURAUD,BUY,2026-09-30T02:42,BREAKOUT_ACCEPTANCE,-0.98,0.0,0.0,0.0,True,0.0,-1.0,-1.5,421,,-1.0,-1.0,-1.0,-1.5,-1.5,-1.5,-1.0,-1.0,-1.0,-1.5
1974521904,XAUAUD,BUY,2026-09-30T03:04,SESSION_EXPANSION_2X,-1.01,0.0,0.0,0.0,True,0.0,-1.0,-1.5,421,,-1.0,-1.0,-1.0,-1.5,-1.5,-1.5,-1.0,-1.0,-1.0,-1.5
1974574943,USDJPY,SELL,2026-09-30T03:34,SQUEEZE_RELEASE,-1.02,0.06,0.05,1.48,True,0.05,-1.0,-1.5,421,,-1.0,-1.0,-1.0,-1.5,-1.5,-1.5,-1.0,-1.0,-1.0,-1.5
1974694650,USDJPY,SELL,2026-09-30T04:39,BREAKOUT_ACCEPTANCE,-1.47,0.58,0.57,7.73,True,5.4,-1.0,2.9,421,,-1.0,-1.0,-1.0,2.9,2.4,1.4,-1.0,-1.0,-1.0,2.45
1974796311,XAUCHF,SELL,2026-09-30T05:18,LIQUIDITY_SWEEP_REVERSAL,-1.07,0.2,0.17,0.1,True,0.17,-1.0,-1.5,421,,-1.0,-1.0,-1.0,-1.5,-1.5,-1.5,-1.0,-1.0,-1.0,-1.5
1974799113,XAUEUR,SELL,2026-09-30T05:19,LIQUIDITY_SWEEP_REVERSAL,-1.04,0.21,0.18,0.05,True,0.18,-1.0,-1.5,421,,-1.0,-1.0,-1.0,-1.5,-1.5,-1.5,-1.0,-1.0,-1.0,-1.5
1975093248,GBPUSD,BUY,2026-09-30T07:01,SESSION_EXPANSION,0.47,1.68,13.7,329.12,False,13.7,0.68,4.03,421,,0.68,3.53,2.53,4.03,3.53,2.53,5.0,8.13,5.53,8.13
1975096930,XAUUSD,BUY,2026-09-30T07:02,SESSION_EXPANSION_2X,0.45,1.02,1.16,95.05,True,1.16,0.02,-1.5,421,,0.02,-1.0,-1.0,-1.5,-1.5,-1.5,-0.39,-1.0,-1.0,-1.5
1975112928,XAUAUD,BUY,2026-09-30T07:08,SESSION_EXPANSION,-1.0,0.25,0.0,0.0,True,1.63,-1.0,0.13,421,,-1.0,-1.0,-1.0,0.13,-1.5,-1.5,-1.0,-1.0,-1.0,-1.5
1975138624,US30,BUY,2026-09-30T07:16,LIQUIDITY_SWEEP_REVERSAL,-1.03,0.07,0.0,0.0,True,0.0,-1.0,-1.5,421,,-1.0,-1.0,-1.0,-1.5,-1.5,-1.5,-1.0,-1.0,-1.0,-1.5
1975157559,GBPAUD,BUY,2026-09-30T07:22,SESSION_EXPANSION_2X,-1.01,0.95,0.95,1.7,True,10.95,-1.0,6.01,421,,-1.0,-1.0,-1.0,6.01,5.51,4.51,-1.0,-1.0,-1.0,6.81
1975188418,GBPCHF,BUY,2026-09-30T07:30,SESSION_EXPANSION,1.07,1.16,2.08,14.12,True,7.62,1.08,0.58,421,,1.08,0.08,-1.0,0.58,0.08,4.62,-1.0,-1.0,-1.0,6.34
1975191826,XAUEUR,BUY,2026-09-30T07:32,SESSION_EXPANSION_2X,0.48,1.15,1.83,66.28,True,1.83,0.15,0.33,421,,0.15,-1.0,-1.0,0.33,-1.5,-1.5,-1.0,-1.0,-1.0,-1.5
1975256932,GBPCHF,BUY,2026-09-30T08:02,BREAKOUT_ACCEPTANCE,-0.98,0.37,0.37,2.03,True,9.98,-1.0,6.92,421,,-1.0,-1.0,-1.0,6.92,6.42,6.09,-1.0,-1.0,-1.0,8.51
1975283330,XAUGBP,BUY,2026-09-30T08:16,SESSION_EXPANSION,-0.97,0.5,0.5,5.03,True,0.5,-1.0,-1.5,421,,-1.0,-1.0,-1.0,-1.5,-1.5,-1.5,-1.0,-1.0,-1.0,-1.5
1975343707,GBPAUD,BUY,2026-09-30T08:46,SESSION_EXPANSION_2X,0.52,1.05,10.83,353.3,False,10.83,2.51,5.78,421,,2.51,5.28,4.28,5.78,5.28,4.28,6.24,4.77,8.72,4.77
1975625833,XAUJPY,SELL,2026-09-30T10:53,SESSION_EXPANSION,-1.0,0.87,0.85,26.93,True,0.85,-1.0,-1.5,421,,-1.0,-1.0,-1.0,-1.5,-1.5,-1.5,-1.0,-1.0,-1.0,-1.5
1975877129,XAUCHF,BUY,2026-09-30T12:30,MOMENTUM_CONTINUATION,0.52,1.9,0.0,0.0,True,0.0,-1.0,-1.5,421,,-1.0,-1.0,-1.0,-1.5,-1.5,-1.5,-1.0,-1.0,-1.0,-1.5
1975915753,XAUCHF,BUY,2026-09-30T12:33,MOMENTUM_CONTINUATION,1.15,1.15,1.49,22.93,True,1.49,0.33,-1.5,421,,0.33,-1.0,-1.0,-1.5,-1.5,-1.5,-1.0,-1.0,-1.0,-1.5
1975940287,XAUCHF,BUY,2026-09-30T12:36,MOMENTUM_CONTINUATION,0.5,1.2,1.92,19.58,True,1.92,0.2,0.07,421,,0.2,-1.0,-1.0,0.07,-1.5,-1.5,-1.0,-1.0,-1.0,-1.5
1976043705,XAUJPY,BUY,2026-09-30T12:58,MOMENTUM_CONTINUATION,-1.0,0.97,0.97,1.12,True,0.97,-1.0,-1.5,421,,-1.0,-1.0,-1.0,-1.5,-1.5,-1.5,-1.0,-1.0,-1.0,-1.5
1976077022,AUDJPY,SELL,2026-09-30T13:05,SESSION_EXPANSION_2X,2.17,3.49,3.48,49.6,True,3.48,2.48,1.98,421,,2.48,1.48,0.48,1.98,1.48,0.48,-1.0,-1.0,-1.0,-1.5
1976119152,USDCAD,SELL,2026-09-30T13:16,SESSION_EXPANSION,-1.0,0.0,0.0,0.0,True,0.0,-1.0,-1.5,421,,-1.0,-1.0,-1.0,-1.5,-1.5,-1.5,-1.0,-1.0,-1.0,-1.5
1976565404,EURCAD,BUY,2026-09-30T14:59,LIQUIDITY_SWEEP_REVERSAL,-1.0,0.52,0.52,1.78,True,0.52,-1.0,-1.5,420,,-1.0,-1.0,-1.0,-1.5,-1.5,-1.5,-1.0,-1.0,-1.0,-0.14
1977199061,US500,SELL,2026-09-30T19:33,SESSION_EXPANSION,0.5,1.1,8.0,30.57,False,8.0,2.29,6.01,361,,2.29,6.0,5.0,6.01,6.0,5.0,4.99,1.39,0.85,1.39
1977274114,US500,SELL,2026-09-30T20:04,MOMENTUM_CONTINUATION,-1.06,0.0,0.0,0.0,True,0.0,-1.0,-1.5,361,,-1.0,-1.0,-1.0,-1.5,-1.5,-1.5,-1.0,-1.0,-1.0,-1.5
1977509606,DE40,SELL,2026-10-01T00:16,MOMENTUM_CONTINUATION,2.85,4.05,0.0,0.0,True,3.9,-1.0,2.4,421,,-1.0,-1.0,-1.0,2.4,1.9,0.9,-1.0,-1.0,-1.0,1.26
1977561182,CHFJPY,BUY,2026-10-01T00:38,MOMENTUM_CONTINUATION,-1.0,0.73,0.73,1.73,True,4.32,-1.0,2.36,421,,-1.0,-1.0,-1.0,2.36,1.86,0.86,-1.0,-1.0,-1.0,2.3
1977571655,USDJPY,BUY,2026-10-01T00:44,SESSION_EXPANSION,1.14,2.14,9.91,403.2,False,9.91,1.14,0.73,421,,1.14,4.41,6.08,0.73,4.41,6.08,5.52,6.21,7.58,6.21
1977699083,USDJPY,BUY,2026-10-01T01:53,MOMENTUM_CONTINUATION,-1.1,0.18,0.18,1.9,True,0.26,-1.0,-1.5,421,,-1.0,-1.0,-1.0,-1.5,-1.5,-1.5,-1.0,-1.0,-1.0,-1.5
1978381758,DE40,SELL,2026-10-01T06:59,MOMENTUM_CONTINUATION,-1.06,0.84,0.23,-0.7,True,0.23,-1.0,-1.5,421,,-1.0,-1.0,-1.0,-1.5,-1.5,-1.5,-1.0,-1.0,-1.0,-1.5
1978391472,UK100,SELL,2026-10-01T07:01,SESSION_EXPANSION_2X,-0.98,0.77,0.79,2.92,True,7.47,-1.0,3.68,421,,-1.0,-1.0,-1.0,3.68,4.04,4.47,-1.0,-1.0,-1.0,0.2
1978414107,XAUJPY,BUY,2026-10-01T07:09,SESSION_EXPANSION,-1.01,0.02,0.02,0.33,True,0.02,-1.0,-1.5,421,,-1.0,-1.0,-1.0,-1.5,-1.5,-1.5,-1.0,-1.0,-1.0,-1.5
1978425121,XAUJPY,SELL,2026-10-01T07:13,SESSION_EXPANSION_2X,0.48,1.2,9.27,413.95,False,9.27,4.64,4.14,421,,4.64,3.64,2.64,4.14,3.64,2.64,4.31,2.85,8.45,2.85
1978444447,US30,SELL,2026-10-01T07:16,SESSION_EXPANSION,4.45,4.48,6.59,75.78,True,6.59,4.36,3.86,421,,4.36,3.36,3.59,3.86,3.36,3.59,2.43,-1.0,-1.0,-1.5
1978468717,XAUCHF,SELL,2026-10-01T07:21,MOMENTUM_CONTINUATION,2.59,3.26,7.37,84.3,True,7.37,2.67,2.17,421,,2.67,1.67,4.37,2.17,1.67,4.37,4.25,-1.0,-1.0,-1.5
1978484815,GBPCHF,BUY,2026-10-01T07:24,BREAKOUT_ACCEPTANCE,-1.09,0.38,0.38,1.62,True,0.38,-1.0,-1.5,421,,-1.0,-1.0,-1.0,-1.5,-1.5,-1.5,-1.0,-1.0,-1.0,-1.5
1978528514,US500,SELL,2026-10-01T07:32,MOMENTUM_CONTINUATION,-1.02,0.49,0.08,-0.13,True,1.97,-1.0,0.47,421,,-1.0,-1.0,-1.0,0.47,-1.5,-1.5,-1.0,-1.0,-1.0,-1.5
1978538609,AUS200,SELL,2026-10-01T07:33,MOMENTUM_CONTINUATION,1.25,1.27,2.46,56.32,True,2.46,1.46,0.96,421,,1.46,0.46,-1.0,0.96,0.46,-1.5,-1.0,-1.0,-1.0,-1.5
1978567885,GBPCHF,SELL,2026-10-01T07:43,MOMENTUM_CONTINUATION,1.57,2.78,3.26,78.93,True,3.26,1.77,1.27,421,,1.77,0.77,0.26,1.27,0.77,0.26,0.39,0.09,-1.0,0.09
1978585628,EURCHF,SELL,2026-10-01T07:47,MOMENTUM_CONTINUATION,0.29,1.1,0.0,0.0,True,1.16,-1.0,-1.5,421,,-1.0,-1.0,-1.0,-1.5,-1.5,-1.5,-1.0,-1.0,-1.0,-1.5
1978589882,GBPUSD,SELL,2026-10-01T07:49,MOMENTUM_CONTINUATION,-0.99,0.51,0.49,3.0,True,6.37,-1.0,0.49,421,,-1.0,-1.0,-1.0,0.49,2.03,3.37,-1.0,-1.0,-1.0,-0.42
1978597670,EURCHF,SELL,2026-10-01T07:52,MOMENTUM_CONTINUATION,-1.0,0.04,0.0,0.0,True,3.11,-1.0,1.61,421,,-1.0,-1.0,-1.0,1.61,1.11,0.11,-1.0,-1.0,-1.0,-1.02
1978602717,GBPCHF,SELL,2026-10-01T07:54,MOMENTUM_CONTINUATION,1.59,2.29,2.4,67.9,True,2.4,1.28,0.78,421,,1.28,0.28,-1.0,0.78,0.28,-1.5,-1.0,-1.0,-1.0,-1.5
1978605610,NZDUSD,SELL,2026-10-01T07:55,SESSION_EXPANSION_2X,0.45,1.0,3.48,126.6,True,3.48,0.02,0.59,421,,0.02,1.48,0.48,0.59,1.48,0.48,2.89,-1.0,-1.0,-1.5
1978614110,CHFJPY,BUY,2026-10-01T07:59,MOMENTUM_CONTINUATION,-0.99,0.84,0.84,4.0,True,0.84,-1.0,-1.5,421,,-1.0,-1.0,-1.0,-1.5,-1.5,-1.5,-1.0,-1.0,-1.0,-1.5
1978626200,XAUEUR,SELL,2026-10-01T08:01,SESSION_EXPANSION,0.48,1.52,2.15,41.48,True,2.15,0.5,0.65,421,,0.5,0.15,-1.0,0.65,0.15,-1.5,-0.1,-1.0,-1.0,-1.5
1978635514,NZDUSD,SELL,2026-10-01T08:04,SESSION_EXPANSION_2X,0.47,1.37,3.63,117.03,True,3.63,0.37,0.71,421,,0.37,1.63,0.63,0.71,1.63,0.63,3.33,-1.0,-1.0,-1.5
1978646284,GBPCHF,SELL,2026-10-01T08:08,MOMENTUM_CONTINUATION,1.2,1.47,1.61,53.18,True,1.61,0.51,0.11,421,,0.51,-1.0,-1.0,0.11,-1.5,-1.5,0.24,-1.0,-1.0,-1.5
1978660994,GBPCAD,SELL,2026-10-01T08:12,SESSION_EXPANSION,0.47,1.07,4.57,112.48,True,4.57,0.13,1.92,421,,0.13,1.42,1.57,1.92,1.42,1.57,2.73,-1.0,-1.0,-1.5
1978879100,EURAUD,SELL,2026-10-01T09:32,SESSION_EXPANSION_2X,0.51,1.96,4.08,193.55,True,4.16,0.96,0.46,421,,0.96,2.08,1.08,0.46,2.08,1.08,1.62,3.24,-1.0,3.24
1979070111,XAUGBP,BUY,2026-10-01T10:44,SESSION_EXPANSION,0.49,1.82,1.82,2.28,True,2.97,0.82,0.32,421,,0.82,-1.0,-1.0,0.32,0.97,-1.5,-1.0,-1.0,-1.0,-1.5
1979110277,XAUGBP,BUY,2026-10-01T10:58,SESSION_EXPANSION_2X,-0.98,0.33,0.33,3.65,True,1.91,-1.0,0.41,421,,-1.0,-1.0,-1.0,0.41,-1.5,-1.5,-1.0,-1.0,-1.0,-1.5
1979257264,UK100,BUY,2026-10-01T11:55,SESSION_EXPANSION,0.4,1.09,2.94,40.18,True,2.94,1.94,1.44,421,,1.94,0.94,-1.0,1.44,0.94,-1.5,-1.0,-1.0,-1.0,-1.5
1979261594,XAUUSD,BUY,2026-10-01T11:57,SESSION_EXPANSION_2X,-1.06,0.02,0.0,0.0,True,0.0,-1.0,-1.5,421,,-1.0,-1.0,-1.0,-1.5,-1.5,-1.5,-1.0,-1.0,-1.0,-1.5
1979285914,GBPUSD,SELL,2026-10-01T12:04,SESSION_EXPANSION,0.94,1.21,8.5,359.05,False,8.5,0.43,1.79,421,,0.43,1.29,5.26,1.79,1.29,5.26,2.12,6.34,7.12,6.34
1979296356,XAUEUR,BUY,2026-10-01T12:09,SESSION_EXPANSION_2X,0.24,1.34,3.82,37.85,True,3.82,0.34,2.32,421,,0.34,1.82,0.82,2.32,1.82,0.82,-1.0,-1.0,-1.0,-1.5
1979305634,XAUGBP,BUY,2026-10-01T12:14,SESSION_EXPANSION,1.39,1.39,2.6,32.55,True,2.6,1.35,1.1,421,,1.35,0.6,-1.0,1.1,0.6,-1.5,-1.0,-1.0,-1.0,-1.5
1979470396,UK100,BUY,2026-10-01T13:10,SESSION_EXPANSION_2X,-0.98,0.16,0.19,2.83,True,0.19,-1.0,-1.5,421,,-1.0,-1.0,-1.0,-1.5,-1.5,-1.5,-1.0,-1.0,-1.0,-1.5
1979473539,XAUGBP,BUY,2026-10-01T13:11,SESSION_EXPANSION,-1.0,0.42,0.42,10.47,True,0.42,-1.0,-1.5,421,,-1.0,-1.0,-1.0,-1.5,-1.5,-1.5,-1.0,-1.0,-1.0,-1.5
1979662293,US500,SELL,2026-10-01T14:01,MOMENTUM_CONTINUATION,0.48,1.74,1.7,4.97,True,2.78,0.7,0.2,419,,0.7,-1.0,-1.0,0.2,0.78,-1.5,-1.0,-1.0,-1.0,-1.5
1979672921,DE40,SELL,2026-10-01T14:02,MOMENTUM_CONTINUATION,-1.29,0.1,0.09,3.83,True,0.09,-1.0,-1.5,417,,-1.0,-1.0,-1.0,-1.5,-1.5,-1.5,-1.0,-1.0,-1.0,-1.5
1979714751,US500,SELL,2026-10-01T14:09,MOMENTUM_CONTINUATION,1.21,1.36,2.11,61.07,True,2.11,0.34,0.61,411,,0.34,0.11,-1.0,0.61,0.11,-1.5,0.54,-1.0,-1.0,-1.5
1979745973,EURCHF,SELL,2026-10-01T14:17,MOMENTUM_CONTINUATION,3.52,5.12,0.0,0.0,True,16.82,-1.0,4.48,419,,-1.0,-1.0,-1.0,4.48,11.2,10.2,-1.0,-1.0,-1.0,12.26
1979752676,GBPCHF,SELL,2026-10-01T14:19,MOMENTUM_CONTINUATION,1.19,2.0,9.61,92.8,False,9.61,0.87,2.69,420,,0.87,2.19,5.16,2.69,2.19,5.16,8.0,6.13,5.9,6.13
1979769904,GBPCHF,SELL,2026-10-01T14:23,MOMENTUM_CONTINUATION,0.49,1.38,5.79,88.53,False,5.79,0.37,3.11,420,,0.37,2.61,2.79,3.11,2.61,2.79,4.12,3.45,2.26,3.45
1979786635,EURCHF,SELL,2026-10-01T14:27,MOMENTUM_CONTINUATION,3.33,4.85,8.83,86.73,False,8.83,5.09,4.59,419,,5.09,4.09,3.09,4.59,4.09,3.09,6.67,5.86,3.5,5.86
1979815060,GBPJPY,SELL,2026-10-01T14:32,MOMENTUM_CONTINUATION,0.12,1.54,0.0,0.0,True,0.0,-1.0,-1.5,420,,-1.0,-1.0,-1.0,-1.5,-1.5,-1.5,-1.0,-1.0,-1.0,-1.5
1979826408,USDJPY,SELL,2026-10-01T14:33,MOMENTUM_CONTINUATION,-0.92,0.0,0.0,0.0,True,0.0,-1.0,-1.5,420,,-1.0,-1.0,-1.0,-1.5,-1.5,-1.5,-1.0,-1.0,-1.0,-1.5
1979830419,GBPJPY,SELL,2026-10-01T14:34,MOMENTUM_CONTINUATION,-1.06,0.25,0.24,0.28,True,5.02,-1.0,3.52,420,,-1.0,-1.0,-1.0,3.52,3.02,2.02,-1.0,-1.0,-1.0,-1.5
1979854096,AUDJPY,SELL,2026-10-01T14:39,MOMENTUM_CONTINUATION,1.88,2.98,8.14,54.45,True,8.14,1.98,1.48,420,,1.98,0.98,5.14,1.48,0.98,5.14,2.89,-1.0,-1.0,-1.08
1979892937,AUDCHF,SELL,2026-10-01T14:48,MOMENTUM_CONTINUATION,2.36,3.12,5.18,63.12,True,5.18,2.12,1.62,420,,2.12,1.12,2.18,1.62,1.12,2.18,1.2,0.34,-1.0,0.34
1979898357,USDCHF,SELL,2026-10-01T14:49,MOMENTUM_CONTINUATION,-1.0,0.31,0.0,0.0,True,0.65,-1.0,-1.5,420,,-1.0,-1.0,-1.0,-1.5,-1.5,-1.5,-1.0,-1.0,-1.0,-1.5
1979907009,AUDUSD,SELL,2026-10-01T14:51,MOMENTUM_CONTINUATION,0.5,1.02,0.0,0.0,True,4.35,-1.0,2.52,420,,-1.0,-1.0,-1.0,2.52,2.35,1.35,-1.0,-1.0,-1.0,0.98
1979932217,NZDCHF,SELL,2026-10-01T14:58,MOMENTUM_CONTINUATION,-1.0,0.04,0.0,0.0,True,2.0,-1.0,0.5,420,,-1.0,-1.0,-1.0,0.5,0.0,-1.5,-1.0,-1.0,-1.0,-0.38
1979937972,CADCHF,SELL,2026-10-01T14:59,MOMENTUM_CONTINUATION,0.5,1.48,1.69,77.08,True,1.69,0.47,0.19,420,,0.47,-1.0,-1.0,0.19,-1.5,-1.5,-1.0,-1.0,-1.0,-1.5
1980069638,EURUSD,SELL,2026-10-01T15:30,MOMENTUM_CONTINUATION,0.38,1.38,0.0,0.0,True,0.0,-1.0,-1.5,420,,-1.0,-1.0,-1.0,-1.5,-1.5,-1.5,-1.0,-1.0,-1.0,-1.5
1980087648,AUDUSD,SELL,2026-10-01T15:34,MOMENTUM_CONTINUATION,0.51,1.02,1.02,19.83,True,1.02,0.02,-1.5,420,,0.02,-1.0,-1.0,-1.5,-1.5,-1.5,-1.0,-1.0,-1.0,-1.5
1980115001,EURUSD,SELL,2026-10-01T15:38,MOMENTUM_CONTINUATION,1.34,2.5,2.74,99.13,False,2.74,1.5,1.0,420,,1.5,0.5,0.09,1.0,0.5,0.09,1.17,0.27,0.09,0.27
1980300566,EURAUD,SELL,2026-10-01T16:33,SESSION_EXPANSION,1.53,1.92,1.92,72.68,False,1.92,0.92,0.42,420,,0.92,0.22,0.22,0.42,0.22,0.22,0.78,0.95,0.22,0.95
1981041639,GBPJPY,SELL,2026-10-02T00:14,SESSION_EXPANSION,-1.03,0.0,0.0,0.0,True,0.0,-1.0,-1.5,421,,-1.0,-1.0,-1.0,-1.5,-1.5,-1.5,-1.0,-1.0,-1.0,-1.5
1981177877,XAUCHF,SELL,2026-10-02T01:09,MOMENTUM_CONTINUATION,1.32,2.07,0.0,0.0,True,0.0,-1.0,-1.5,421,,-1.0,-1.0,-1.0,-1.5,-1.5,-1.5,-1.0,-1.0,-1.0,-1.5
1981202488,XAUEUR,SELL,2026-10-02T01:14,MOMENTUM_CONTINUATION,-1.02,0.04,0.0,0.0,True,0.0,-1.0,-1.5,421,,-1.0,-1.0,-1.0,-1.5,-1.5,-1.5,-1.0,-1.0,-1.0,-1.5
1981555447,DE40,BUY,2026-10-02T04:01,SESSION_EXPANSION_2X,1.82,3.39,3.39,70.2,True,3.39,2.27,1.89,421,,2.27,1.39,0.39,1.89,1.39,0.39,0.85,-1.0,-1.0,-1.5
1981602056,XAUGBP,BUY,2026-10-02T04:25,SESSION_EXPANSION,-1.1,0.41,0.41,6.62,True,1.58,-1.0,0.08,421,,-1.0,-1.0,-1.0,0.08,-1.5,-1.5,-1.0,-1.0,-1.0,-1.5
1981608482,XAUAUD,BUY,2026-10-02T04:29,SESSION_EXPANSION_2X,-1.01,0.48,0.48,1.65,True,1.06,-1.0,-1.5,421,,-1.0,-1.0,-1.0,-1.5,-1.5,-1.5,-1.0,-1.0,-1.0,-1.5
1981711207,XAUGBP,BUY,2026-10-02T05:28,SESSION_EXPANSION,-1.0,0.49,0.49,6.25,True,1.72,-1.0,0.22,421,,-1.0,-1.0,-1.0,0.22,-1.5,-1.5,-1.0,-1.0,-1.0,-1.5
1982041734,EURUSD,BUY,2026-10-02T07:38,SESSION_EXPANSION_2X,-1.06,0.06,0.08,0.17,True,1.57,-1.0,0.07,421,,-1.0,-1.0,-1.0,0.07,-1.5,-1.5,-1.0,-1.0,-1.0,-1.5
1982061778,CHFJPY,BUY,2026-10-02T07:50,SESSION_EXPANSION,-1.01,0.43,0.43,17.25,True,0.43,-1.0,-1.5,421,,-1.0,-1.0,-1.0,-1.5,-1.5,-1.5,-1.0,-1.0,-1.0,-1.5
1982156728,EURUSD,BUY,2026-10-02T08:13,SESSION_EXPANSION_2X,-1.02,0.02,0.04,0.33,True,0.04,-1.0,-1.5,421,,-1.0,-1.0,-1.0,-1.5,-1.5,-1.5,-1.0,-1.0,-1.0,-1.5
1982189278,AUDCHF,SELL,2026-10-02T08:25,SESSION_EXPANSION,-1.05,0.49,0.46,4.82,True,0.46,-1.0,-1.5,421,,-1.0,-1.0,-1.0,-1.5,-1.5,-1.5,-1.0,-1.0,-1.0,-1.5
1985334970,XAGAUD,BUY,2026-10-05T01:01,MOMENTUM_CONTINUATION,0.49,1.63,1.63,5.7,True,1.63,0.63,0.13,421,,0.63,-1.0,-1.0,0.13,-1.5,-1.5,-1.0,-1.0,-1.0,-1.5
1985338321,XAGEUR,BUY,2026-10-05T01:02,MOMENTUM_CONTINUATION,0.5,1.6,1.6,4.63,True,1.6,0.6,0.1,421,,0.6,-1.0,-1.0,0.1,-1.5,-1.5,-1.0,-1.0,-1.0,-1.5
1985354948,XAGAUD,BUY,2026-10-05T01:08,MOMENTUM_CONTINUATION,-1.02,0.08,0.12,0.53,True,0.12,-1.0,-1.5,421,,-1.0,-1.0,-1.0,-1.5,-1.5,-1.5,-1.0,-1.0,-1.0,-1.5
1985356814,XAGEUR,BUY,2026-10-05T01:09,MOMENTUM_CONTINUATION,-1.06,0.0,0.0,0.0,True,0.0,-1.0,-1.5,421,,-1.0,-1.0,-1.0,-1.5,-1.5,-1.5,-1.0,-1.0,-1.0,-1.5
1985561308,GBPNZD,BUY,2026-10-05T02:37,MOMENTUM_CONTINUATION,-1.0,0.61,0.61,9.58,True,0.61,-1.0,-1.5,421,,-1.0,-1.0,-1.0,-1.5,-1.5,-1.5,-1.0,-1.0,-1.0,-1.5
1985613050,EURUSD,SELL,2026-10-05T02:49,MOMENTUM_CONTINUATION,0.58,0.58,0.0,0.0,True,2.65,-1.0,0.59,421,,-1.0,-1.0,-1.0,0.59,0.65,-1.5,-1.0,-1.0,-1.0,0.13
1985646938,EURUSD,SELL,2026-10-05T02:57,MOMENTUM_CONTINUATION,-1.02,0.43,0.0,0.0,True,0.21,-1.0,-1.5,421,,-1.0,-1.0,-1.0,-1.5,-1.5,-1.5,-1.0,-1.0,-1.0,-1.5
1985651310,EURCAD,SELL,2026-10-05T02:58,MOMENTUM_CONTINUATION,-1.04,0.66,0.69,0.45,True,0.69,-1.0,-1.5,421,,-1.0,-1.0,-1.0,-1.5,-1.5,-1.5,-1.0,-1.0,-1.0,-1.5
1986931855,GBPCHF,BUY,2026-10-05T11:44,MOMENTUM_CONTINUATION,1.53,1.53,1.94,10.08,True,1.94,0.94,0.44,421,,0.94,-1.0,-1.0,0.44,-1.5,-1.5,-1.0,-1.0,-1.0,-1.5
1987265890,US30,SELL,2026-10-05T13:37,MOMENTUM_CONTINUATION,2.05,2.05,0.0,0.0,True,2.78,-1.0,1.28,421,,-1.0,-1.0,-1.0,1.28,0.78,-1.5,-1.0,-1.0,-1.0,-1.5
1987299523,US30,SELL,2026-10-05T13:44,MOMENTUM_CONTINUATION,-1.0,0.28,0.26,1.42,True,0.69,-1.0,-1.5,421,,-1.0,-1.0,-1.0,-1.5,-1.5,-1.5,-1.0,-1.0,-1.0,-1.5
1987400864,US500,BUY,2026-10-05T14:04,MOMENTUM_CONTINUATION,2.27,3.24,9.91,314.5,False,9.91,2.24,1.74,416,,2.24,1.24,6.91,1.74,1.24,6.91,3.24,6.62,6.75,6.62
1988756467,XAUCHF,SELL,2026-10-06T02:37,MOMENTUM_CONTINUATION,-1.03,0.0,0.0,0.0,True,0.0,-1.0,-1.5,421,,-1.0,-1.0,-1.0,-1.5,-1.5,-1.5,-1.0,-1.0,-1.0,-1.5
1989358801,US30,BUY,2026-10-06T07:12,SESSION_EXPANSION,2.32,3.03,10.57,285.83,True,10.57,1.76,1.53,421,,1.76,1.69,4.25,1.53,1.69,4.25,4.18,3.44,-1.0,3.44
1989458431,GBPNZD,BUY,2026-10-06T07:43,SESSION_EXPANSION,-1.09,0.36,0.36,0.65,True,0.36,-1.0,-1.5,421,,-1.0,-1.0,-1.0,-1.5,-1.5,-1.5,-1.0,-1.0,-1.0,-1.5
1989997592,EURUSD,BUY,2026-10-06T11:27,MOMENTUM_CONTINUATION,-1.06,0.02,0.0,0.0,True,0.0,-1.0,-1.5,421,,-1.0,-1.0,-1.0,-1.5,-1.5,-1.5,-1.0,-1.0,-1.0,-1.5
1990046678,GBPUSD,BUY,2026-10-06T11:43,MOMENTUM_CONTINUATION,-0.96,0.0,0.0,0.0,True,0.26,-1.0,-1.5,421,,-1.0,-1.0,-1.0,-1.5,-1.5,-1.5,-1.0,-1.0,-1.0,-1.5
1990112568,EURUSD,BUY,2026-10-06T12:06,MOMENTUM_CONTINUATION,1.67,2.11,2.11,7.22,True,2.11,1.11,0.61,421,,1.11,0.11,-1.0,0.61,0.11,-1.5,-1.0,-1.0,-1.0,-1.5
1990149275,XAGAUD,BUY,2026-10-06T12:19,MOMENTUM_CONTINUATION,-1.0,0.0,0.0,0.0,True,0.0,-1.0,-1.5,421,,-1.0,-1.0,-1.0,-1.5,-1.5,-1.5,-1.0,-1.0,-1.0,-1.5
1990191709,XAUCHF,BUY,2026-10-06T12:33,MOMENTUM_CONTINUATION,-1.01,0.63,0.63,5.3,True,0.63,-1.0,-1.5,421,,-1.0,-1.0,-1.0,-1.5,-1.5,-1.5,-1.0,-1.0,-1.0,-1.5
1990227322,GBPCHF,BUY,2026-10-06T12:47,MOMENTUM_CONTINUATION,1.21,1.71,3.71,85.75,False,3.71,0.81,0.33,421,,0.81,1.71,0.71,0.33,1.71,0.71,1.1,1.4,2.56,1.4
1990478830,US500,BUY,2026-10-06T13:57,MOMENTUM_CONTINUATION,0.5,1.03,1.74,12.22,True,1.74,0.74,0.24,421,,0.74,-1.0,-1.0,0.24,-1.5,-1.5,-1.0,-1.0,-1.0,-1.5
1990564757,US500,BUY,2026-10-06T14:19,MOMENTUM_CONTINUATION,-1.02,0.3,0.3,2.07,True,0.3,-1.0,-1.5,401,,-1.0,-1.0,-1.0,-1.5,-1.5,-1.5,-1.0,-1.0,-1.0,-1.5
1990862126,USDCHF,SELL,2026-10-06T16:09,SESSION_EXPANSION,-1.0,0.0,0.0,0.0,True,0.0,-1.0,-1.5,420,,-1.0,-1.0,-1.0,-1.5,-1.5,-1.5,-1.0,-1.0,-1.0,-1.5
